timestamp, index, name, pstate, utilization.gpu [%], utilization.memory [%], memory.total [MiB], memory.free [MiB], memory.used [MiB], temperature.gpu, temperature.memory, power.draw [W], power.limit [W], power.max_limit [W], clocks.current.graphics [MHz], clocks.current.memory [MHz], fan.speed [%]
2025/11/27 04:07:18.453, 0, NVIDIA H100 80GB HBM3, P0, 0 %, 0 %, 81559 MiB, 81080 MiB, 0 MiB, 34, 43, 70.77 W, 700.00 W, 700.00 W, 345 MHz, 2619 MHz, [N/A]
2025/11/27 04:07:18.462, 1, NVIDIA H100 80GB HBM3, P0, 0 %, 0 %, 81559 MiB, 81080 MiB, 0 MiB, 37, 45, 72.68 W, 700.00 W, 700.00 W, 345 MHz, 2619 MHz, [N/A]
2025/11/27 04:07:18.470, 2, NVIDIA H100 80GB HBM3, P0, 0 %, 0 %, 81559 MiB, 81080 MiB, 0 MiB, 37, 44, 75.52 W, 700.00 W, 700.00 W, 345 MHz, 2619 MHz, [N/A]
2025/11/27 04:07:18.478, 3, NVIDIA H100 80GB HBM3, P0, 0 %, 0 %, 81559 MiB, 81080 MiB, 0 MiB, 33, 41, 71.41 W, 700.00 W, 700.00 W, 345 MHz, 2619 MHz, [N/A]
2025/11/27 04:07:18.487, 4, NVIDIA H100 80GB HBM3, P0, 0 %, 0 %, 81559 MiB, 81080 MiB, 0 MiB, 32, 39, 70.28 W, 700.00 W, 700.00 W, 345 MHz, 2619 MHz, [N/A]
2025/11/27 04:07:18.495, 5, NVIDIA H100 80GB HBM3, P0, 0 %, 0 %, 81559 MiB, 81080 MiB, 0 MiB, 36, 42, 71.95 W, 700.00 W, 700.00 W, 345 MHz, 2619 MHz, [N/A]
2025/11/27 04:07:18.503, 6, NVIDIA H100 80GB HBM3, P0, 0 %, 0 %, 81559 MiB, 81080 MiB, 0 MiB, 35, 43, 70.10 W, 700.00 W, 700.00 W, 345 MHz, 2619 MHz, [N/A]
2025/11/27 04:07:18.512, 7, NVIDIA H100 80GB HBM3, P0, 0 %, 0 %, 81559 MiB, 81080 MiB, 0 MiB, 33, 41, 70.44 W, 700.00 W, 700.00 W, 345 MHz, 2619 MHz, [N/A]
2025/11/27 04:07:23.521, 0, NVIDIA H100 80GB HBM3, P0, 0 %, 0 %, 81559 MiB, 81076 MiB, 4 MiB, 33, 42, 70.72 W, 700.00 W, 700.00 W, 345 MHz, 2619 MHz, [N/A]
2025/11/27 04:07:23.522, 1, NVIDIA H100 80GB HBM3, P0, 0 %, 0 %, 81559 MiB, 81076 MiB, 4 MiB, 37, 44, 72.74 W, 700.00 W, 700.00 W, 345 MHz, 2619 MHz, [N/A]
2025/11/27 04:07:23.523, 2, NVIDIA H100 80GB HBM3, P0, 0 %, 0 %, 81559 MiB, 81076 MiB, 4 MiB, 36, 44, 75.39 W, 700.00 W, 700.00 W, 345 MHz, 2619 MHz, [N/A]
2025/11/27 04:07:23.524, 3, NVIDIA H100 80GB HBM3, P0, 0 %, 0 %, 81559 MiB, 81076 MiB, 4 MiB, 33, 41, 71.45 W, 700.00 W, 700.00 W, 345 MHz, 2619 MHz, [N/A]
2025/11/27 04:07:23.525, 4, NVIDIA H100 80GB HBM3, P0, 0 %, 0 %, 81559 MiB, 81076 MiB, 4 MiB, 32, 39, 73.29 W, 700.00 W, 700.00 W, 795 MHz, 2619 MHz, [N/A]
2025/11/27 04:07:23.525, 5, NVIDIA H100 80GB HBM3, P0, 0 %, 0 %, 81559 MiB, 81076 MiB, 4 MiB, 36, 42, 71.88 W, 700.00 W, 700.00 W, 345 MHz, 2619 MHz, [N/A]
2025/11/27 04:07:23.526, 6, NVIDIA H100 80GB HBM3, P0, 0 %, 0 %, 81559 MiB, 81076 MiB, 4 MiB, 35, 43, 70.06 W, 700.00 W, 700.00 W, 345 MHz, 2619 MHz, [N/A]
2025/11/27 04:07:23.527, 7, NVIDIA H100 80GB HBM3, P0, 0 %, 0 %, 81559 MiB, 81076 MiB, 4 MiB, 33, 41, 71.15 W, 700.00 W, 700.00 W, 780 MHz, 2619 MHz, [N/A]
2025/11/27 04:07:28.529, 0, NVIDIA H100 80GB HBM3, P0, 0 %, 0 %, 81559 MiB, 81076 MiB, 4 MiB, 33, 41, 70.71 W, 700.00 W, 700.00 W, 345 MHz, 2619 MHz, [N/A]
2025/11/27 04:07:28.530, 1, NVIDIA H100 80GB HBM3, P0, 0 %, 0 %, 81559 MiB, 81076 MiB, 4 MiB, 36, 44, 72.58 W, 700.00 W, 700.00 W, 345 MHz, 2619 MHz, [N/A]
2025/11/27 04:07:28.531, 2, NVIDIA H100 80GB HBM3, P0, 0 %, 0 %, 81559 MiB, 81076 MiB, 4 MiB, 36, 44, 75.26 W, 700.00 W, 700.00 W, 345 MHz, 2619 MHz, [N/A]
2025/11/27 04:07:28.531, 3, NVIDIA H100 80GB HBM3, P0, 0 %, 0 %, 81559 MiB, 81076 MiB, 4 MiB, 32, 41, 71.33 W, 700.00 W, 700.00 W, 345 MHz, 2619 MHz, [N/A]
2025/11/27 04:07:28.532, 4, NVIDIA H100 80GB HBM3, P0, 0 %, 0 %, 81559 MiB, 81076 MiB, 4 MiB, 32, 39, 70.25 W, 700.00 W, 700.00 W, 345 MHz, 2619 MHz, [N/A]
2025/11/27 04:07:28.533, 5, NVIDIA H100 80GB HBM3, P0, 0 %, 0 %, 81559 MiB, 81076 MiB, 4 MiB, 35, 41, 71.80 W, 700.00 W, 700.00 W, 345 MHz, 2619 MHz, [N/A]
2025/11/27 04:07:28.534, 6, NVIDIA H100 80GB HBM3, P0, 0 %, 0 %, 81559 MiB, 81076 MiB, 4 MiB, 35, 42, 69.94 W, 700.00 W, 700.00 W, 345 MHz, 2619 MHz, [N/A]
2025/11/27 04:07:28.535, 7, NVIDIA H100 80GB HBM3, P0, 0 %, 0 %, 81559 MiB, 81076 MiB, 4 MiB, 33, 41, 70.58 W, 700.00 W, 700.00 W, 345 MHz, 2619 MHz, [N/A]
2025/11/27 04:07:33.536, 0, NVIDIA H100 80GB HBM3, P0, 1 %, 0 %, 81559 MiB, 80463 MiB, 617 MiB, 34, 41, 113.29 W, 700.00 W, 700.00 W, 1980 MHz, 2619 MHz, [N/A]
2025/11/27 04:07:33.557, 1, NVIDIA H100 80GB HBM3, P0, 3 %, 0 %, 81559 MiB, 80467 MiB, 613 MiB, 37, 44, 118.72 W, 700.00 W, 700.00 W, 1980 MHz, 2619 MHz, [N/A]
2025/11/27 04:07:33.566, 2, NVIDIA H100 80GB HBM3, P0, 4 %, 0 %, 81559 MiB, 80353 MiB, 727 MiB, 37, 44, 122.81 W, 700.00 W, 700.00 W, 1980 MHz, 2619 MHz, [N/A]
2025/11/27 04:07:33.588, 3, NVIDIA H100 80GB HBM3, P0, 0 %, 0 %, 81559 MiB, 80353 MiB, 727 MiB, 34, 41, 118.75 W, 700.00 W, 700.00 W, 1980 MHz, 2619 MHz, [N/A]
2025/11/27 04:07:33.604, 4, NVIDIA H100 80GB HBM3, P0, 0 %, 0 %, 81559 MiB, 80351 MiB, 729 MiB, 33, 39, 114.67 W, 700.00 W, 700.00 W, 1980 MHz, 2619 MHz, [N/A]
2025/11/27 04:07:33.628, 5, NVIDIA H100 80GB HBM3, P0, 8 %, 0 %, 81559 MiB, 80353 MiB, 727 MiB, 36, 41, 121.53 W, 700.00 W, 700.00 W, 1980 MHz, 2619 MHz, [N/A]
2025/11/27 04:07:33.631, 6, NVIDIA H100 80GB HBM3, P0, 0 %, 0 %, 81559 MiB, 80351 MiB, 729 MiB, 36, 41, 116.36 W, 700.00 W, 700.00 W, 1980 MHz, 2619 MHz, [N/A]
2025/11/27 04:07:33.650, 7, NVIDIA H100 80GB HBM3, P0, 4 %, 0 %, 81559 MiB, 80353 MiB, 727 MiB, 34, 41, 118.79 W, 700.00 W, 700.00 W, 1980 MHz, 2619 MHz, [N/A]
2025/11/27 04:07:38.654, 0, NVIDIA H100 80GB HBM3, P0, 0 %, 0 %, 81559 MiB, 80035 MiB, 1045 MiB, 34, 41, 116.03 W, 700.00 W, 700.00 W, 1980 MHz, 2619 MHz, [N/A]
2025/11/27 04:07:38.655, 1, NVIDIA H100 80GB HBM3, P0, 0 %, 0 %, 81559 MiB, 80035 MiB, 1045 MiB, 38, 44, 121.73 W, 700.00 W, 700.00 W, 1980 MHz, 2619 MHz, [N/A]
2025/11/27 04:07:38.656, 2, NVIDIA H100 80GB HBM3, P0, 0 %, 0 %, 81559 MiB, 80035 MiB, 1045 MiB, 37, 44, 122.85 W, 700.00 W, 700.00 W, 1980 MHz, 2619 MHz, [N/A]
2025/11/27 04:07:38.656, 3, NVIDIA H100 80GB HBM3, P0, 0 %, 0 %, 81559 MiB, 80035 MiB, 1045 MiB, 34, 41, 119.36 W, 700.00 W, 700.00 W, 1980 MHz, 2619 MHz, [N/A]
2025/11/27 04:07:38.657, 4, NVIDIA H100 80GB HBM3, P0, 0 %, 0 %, 81559 MiB, 80035 MiB, 1045 MiB, 33, 39, 114.77 W, 700.00 W, 700.00 W, 1980 MHz, 2619 MHz, [N/A]
2025/11/27 04:07:38.658, 5, NVIDIA H100 80GB HBM3, P0, 0 %, 0 %, 81559 MiB, 80035 MiB, 1045 MiB, 36, 41, 120.16 W, 700.00 W, 700.00 W, 1980 MHz, 2619 MHz, [N/A]
2025/11/27 04:07:38.658, 6, NVIDIA H100 80GB HBM3, P0, 0 %, 0 %, 81559 MiB, 80035 MiB, 1045 MiB, 36, 41, 116.44 W, 700.00 W, 700.00 W, 1980 MHz, 2619 MHz, [N/A]
2025/11/27 04:07:38.659, 7, NVIDIA H100 80GB HBM3, P0, 0 %, 0 %, 81559 MiB, 80035 MiB, 1045 MiB, 34, 41, 118.25 W, 700.00 W, 700.00 W, 1980 MHz, 2619 MHz, [N/A]
2025/11/27 04:07:43.659, 0, NVIDIA H100 80GB HBM3, P0, 0 %, 0 %, 81559 MiB, 80035 MiB, 1045 MiB, 35, 42, 116.12 W, 700.00 W, 700.00 W, 1980 MHz, 2619 MHz, [N/A]
2025/11/27 04:07:43.660, 1, NVIDIA H100 80GB HBM3, P0, 0 %, 0 %, 81559 MiB, 80035 MiB, 1045 MiB, 38, 44, 121.82 W, 700.00 W, 700.00 W, 1980 MHz, 2619 MHz, [N/A]
2025/11/27 04:07:43.661, 2, NVIDIA H100 80GB HBM3, P0, 0 %, 0 %, 81559 MiB, 80035 MiB, 1045 MiB, 37, 44, 122.88 W, 700.00 W, 700.00 W, 1980 MHz, 2619 MHz, [N/A]
2025/11/27 04:07:43.662, 3, NVIDIA H100 80GB HBM3, P0, 0 %, 0 %, 81559 MiB, 80035 MiB, 1045 MiB, 34, 41, 119.40 W, 700.00 W, 700.00 W, 1980 MHz, 2619 MHz, [N/A]
2025/11/27 04:07:43.662, 4, NVIDIA H100 80GB HBM3, P0, 0 %, 0 %, 81559 MiB, 80035 MiB, 1045 MiB, 33, 39, 114.84 W, 700.00 W, 700.00 W, 1980 MHz, 2619 MHz, [N/A]
2025/11/27 04:07:43.663, 5, NVIDIA H100 80GB HBM3, P0, 0 %, 0 %, 81559 MiB, 80035 MiB, 1045 MiB, 36, 41, 120.20 W, 700.00 W, 700.00 W, 1980 MHz, 2619 MHz, [N/A]
2025/11/27 04:07:43.664, 6, NVIDIA H100 80GB HBM3, P0, 0 %, 0 %, 81559 MiB, 80035 MiB, 1045 MiB, 36, 41, 116.51 W, 700.00 W, 700.00 W, 1980 MHz, 2619 MHz, [N/A]
2025/11/27 04:07:43.664, 7, NVIDIA H100 80GB HBM3, P0, 0 %, 0 %, 81559 MiB, 80035 MiB, 1045 MiB, 35, 41, 118.45 W, 700.00 W, 700.00 W, 1980 MHz, 2619 MHz, [N/A]
2025/11/27 04:07:48.665, 0, NVIDIA H100 80GB HBM3, P0, 0 %, 0 %, 81559 MiB, 80035 MiB, 1045 MiB, 35, 43, 116.18 W, 700.00 W, 700.00 W, 1980 MHz, 2619 MHz, [N/A]
2025/11/27 04:07:48.666, 1, NVIDIA H100 80GB HBM3, P0, 0 %, 0 %, 81559 MiB, 80035 MiB, 1045 MiB, 38, 44, 121.88 W, 700.00 W, 700.00 W, 1980 MHz, 2619 MHz, [N/A]
2025/11/27 04:07:48.667, 2, NVIDIA H100 80GB HBM3, P0, 0 %, 0 %, 81559 MiB, 80035 MiB, 1045 MiB, 37, 44, 122.91 W, 700.00 W, 700.00 W, 1980 MHz, 2619 MHz, [N/A]
2025/11/27 04:07:48.667, 3, NVIDIA H100 80GB HBM3, P0, 0 %, 0 %, 81559 MiB, 80035 MiB, 1045 MiB, 34, 41, 119.45 W, 700.00 W, 700.00 W, 1980 MHz, 2619 MHz, [N/A]
2025/11/27 04:07:48.668, 4, NVIDIA H100 80GB HBM3, P0, 0 %, 0 %, 81559 MiB, 80035 MiB, 1045 MiB, 33, 39, 114.92 W, 700.00 W, 700.00 W, 1980 MHz, 2619 MHz, [N/A]
2025/11/27 04:07:48.669, 5, NVIDIA H100 80GB HBM3, P0, 0 %, 0 %, 81559 MiB, 80035 MiB, 1045 MiB, 37, 42, 120.23 W, 700.00 W, 700.00 W, 1980 MHz, 2619 MHz, [N/A]
2025/11/27 04:07:48.669, 6, NVIDIA H100 80GB HBM3, P0, 0 %, 0 %, 81559 MiB, 80035 MiB, 1045 MiB, 36, 41, 116.54 W, 700.00 W, 700.00 W, 1980 MHz, 2619 MHz, [N/A]
2025/11/27 04:07:48.670, 7, NVIDIA H100 80GB HBM3, P0, 0 %, 0 %, 81559 MiB, 80035 MiB, 1045 MiB, 35, 41, 118.37 W, 700.00 W, 700.00 W, 1980 MHz, 2619 MHz, [N/A]
2025/11/27 04:07:53.671, 0, NVIDIA H100 80GB HBM3, P0, 0 %, 0 %, 81559 MiB, 80035 MiB, 1045 MiB, 35, 43, 116.20 W, 700.00 W, 700.00 W, 1980 MHz, 2619 MHz, [N/A]
2025/11/27 04:07:53.672, 1, NVIDIA H100 80GB HBM3, P0, 0 %, 0 %, 81559 MiB, 80035 MiB, 1045 MiB, 38, 44, 121.78 W, 700.00 W, 700.00 W, 1980 MHz, 2619 MHz, [N/A]
2025/11/27 04:07:53.673, 2, NVIDIA H100 80GB HBM3, P0, 0 %, 0 %, 81559 MiB, 80035 MiB, 1045 MiB, 37, 44, 122.99 W, 700.00 W, 700.00 W, 1980 MHz, 2619 MHz, [N/A]
2025/11/27 04:07:53.674, 3, NVIDIA H100 80GB HBM3, P0, 0 %, 0 %, 81559 MiB, 80035 MiB, 1045 MiB, 34, 41, 119.52 W, 700.00 W, 700.00 W, 1980 MHz, 2619 MHz, [N/A]
2025/11/27 04:07:53.674, 4, NVIDIA H100 80GB HBM3, P0, 0 %, 0 %, 81559 MiB, 80035 MiB, 1045 MiB, 33, 39, 114.94 W, 700.00 W, 700.00 W, 1980 MHz, 2619 MHz, [N/A]
2025/11/27 04:07:53.675, 5, NVIDIA H100 80GB HBM3, P0, 0 %, 0 %, 81559 MiB, 80035 MiB, 1045 MiB, 37, 41, 120.33 W, 700.00 W, 700.00 W, 1980 MHz, 2619 MHz, [N/A]
2025/11/27 04:07:53.676, 6, NVIDIA H100 80GB HBM3, P0, 0 %, 0 %, 81559 MiB, 80035 MiB, 1045 MiB, 36, 41, 116.55 W, 700.00 W, 700.00 W, 1980 MHz, 2619 MHz, [N/A]
2025/11/27 04:07:53.676, 7, NVIDIA H100 80GB HBM3, P0, 0 %, 0 %, 81559 MiB, 80035 MiB, 1045 MiB, 35, 42, 118.42 W, 700.00 W, 700.00 W, 1980 MHz, 2619 MHz, [N/A]
2025/11/27 04:07:58.677, 0, NVIDIA H100 80GB HBM3, P0, 0 %, 0 %, 81559 MiB, 79745 MiB, 1335 MiB, 35, 43, 116.27 W, 700.00 W, 700.00 W, 1980 MHz, 2619 MHz, [N/A]
2025/11/27 04:07:58.678, 1, NVIDIA H100 80GB HBM3, P0, 0 %, 0 %, 81559 MiB, 80035 MiB, 1045 MiB, 38, 44, 121.92 W, 700.00 W, 700.00 W, 1980 MHz, 2619 MHz, [N/A]
2025/11/27 04:07:58.679, 2, NVIDIA H100 80GB HBM3, P0, 0 %, 0 %, 81559 MiB, 80035 MiB, 1045 MiB, 38, 44, 123.02 W, 700.00 W, 700.00 W, 1980 MHz, 2619 MHz, [N/A]
2025/11/27 04:07:58.679, 3, NVIDIA H100 80GB HBM3, P0, 0 %, 0 %, 81559 MiB, 80035 MiB, 1045 MiB, 34, 42, 119.04 W, 700.00 W, 700.00 W, 1980 MHz, 2619 MHz, [N/A]
2025/11/27 04:07:58.680, 4, NVIDIA H100 80GB HBM3, P0, 0 %, 0 %, 81559 MiB, 80035 MiB, 1045 MiB, 33, 39, 114.96 W, 700.00 W, 700.00 W, 1980 MHz, 2619 MHz, [N/A]
2025/11/27 04:07:58.680, 5, NVIDIA H100 80GB HBM3, P0, 0 %, 0 %, 81559 MiB, 80035 MiB, 1045 MiB, 37, 41, 120.32 W, 700.00 W, 700.00 W, 1980 MHz, 2619 MHz, [N/A]
2025/11/27 04:07:58.681, 6, NVIDIA H100 80GB HBM3, P0, 0 %, 0 %, 81559 MiB, 80035 MiB, 1045 MiB, 36, 41, 116.61 W, 700.00 W, 700.00 W, 1980 MHz, 2619 MHz, [N/A]
2025/11/27 04:07:58.681, 7, NVIDIA H100 80GB HBM3, P0, 0 %, 0 %, 81559 MiB, 79745 MiB, 1335 MiB, 35, 41, 118.54 W, 700.00 W, 700.00 W, 1980 MHz, 2619 MHz, [N/A]
2025/11/27 04:08:03.683, 0, NVIDIA H100 80GB HBM3, P0, 0 %, 0 %, 81559 MiB, 79745 MiB, 1335 MiB, 35, 43, 116.25 W, 700.00 W, 700.00 W, 1980 MHz, 2619 MHz, [N/A]
2025/11/27 04:08:03.684, 1, NVIDIA H100 80GB HBM3, P0, 0 %, 0 %, 81559 MiB, 79745 MiB, 1335 MiB, 38, 44, 121.82 W, 700.00 W, 700.00 W, 1980 MHz, 2619 MHz, [N/A]
2025/11/27 04:08:03.685, 2, NVIDIA H100 80GB HBM3, P0, 0 %, 0 %, 81559 MiB, 80035 MiB, 1045 MiB, 38, 44, 122.95 W, 700.00 W, 700.00 W, 1980 MHz, 2619 MHz, [N/A]
2025/11/27 04:08:03.685, 3, NVIDIA H100 80GB HBM3, P0, 0 %, 0 %, 81559 MiB, 80035 MiB, 1045 MiB, 34, 41, 118.92 W, 700.00 W, 700.00 W, 1980 MHz, 2619 MHz, [N/A]
2025/11/27 04:08:03.686, 4, NVIDIA H100 80GB HBM3, P0, 0 %, 0 %, 81559 MiB, 79745 MiB, 1335 MiB, 33, 39, 114.93 W, 700.00 W, 700.00 W, 1980 MHz, 2619 MHz, [N/A]
2025/11/27 04:08:03.687, 5, NVIDIA H100 80GB HBM3, P0, 0 %, 0 %, 81559 MiB, 79745 MiB, 1335 MiB, 37, 41, 120.31 W, 700.00 W, 700.00 W, 1980 MHz, 2619 MHz, [N/A]
2025/11/27 04:08:03.687, 6, NVIDIA H100 80GB HBM3, P0, 0 %, 0 %, 81559 MiB, 80035 MiB, 1045 MiB, 36, 41, 116.57 W, 700.00 W, 700.00 W, 1980 MHz, 2619 MHz, [N/A]
2025/11/27 04:08:03.688, 7, NVIDIA H100 80GB HBM3, P0, 0 %, 0 %, 81559 MiB, 79745 MiB, 1335 MiB, 35, 41, 118.43 W, 700.00 W, 700.00 W, 1980 MHz, 2619 MHz, [N/A]
2025/11/27 04:08:08.690, 0, NVIDIA H100 80GB HBM3, P0, 0 %, 0 %, 81559 MiB, 79559 MiB, 1521 MiB, 35, 43, 116.63 W, 700.00 W, 700.00 W, 1980 MHz, 2619 MHz, [N/A]
2025/11/27 04:08:08.690, 1, NVIDIA H100 80GB HBM3, P0, 0 %, 0 %, 81559 MiB, 79559 MiB, 1521 MiB, 38, 44, 122.30 W, 700.00 W, 700.00 W, 1980 MHz, 2619 MHz, [N/A]
2025/11/27 04:08:08.691, 2, NVIDIA H100 80GB HBM3, P0, 0 %, 0 %, 81559 MiB, 79559 MiB, 1521 MiB, 38, 44, 123.30 W, 700.00 W, 700.00 W, 1980 MHz, 2619 MHz, [N/A]
2025/11/27 04:08:08.692, 3, NVIDIA H100 80GB HBM3, P0, 0 %, 0 %, 81559 MiB, 79559 MiB, 1521 MiB, 34, 41, 119.28 W, 700.00 W, 700.00 W, 1980 MHz, 2619 MHz, [N/A]
2025/11/27 04:08:08.692, 4, NVIDIA H100 80GB HBM3, P0, 0 %, 0 %, 81559 MiB, 79559 MiB, 1521 MiB, 33, 39, 115.20 W, 700.00 W, 700.00 W, 1980 MHz, 2619 MHz, [N/A]
2025/11/27 04:08:08.693, 5, NVIDIA H100 80GB HBM3, P0, 0 %, 0 %, 81559 MiB, 79559 MiB, 1521 MiB, 37, 42, 120.58 W, 700.00 W, 700.00 W, 1980 MHz, 2619 MHz, [N/A]
2025/11/27 04:08:08.694, 6, NVIDIA H100 80GB HBM3, P0, 0 %, 0 %, 81559 MiB, 79559 MiB, 1521 MiB, 36, 41, 116.82 W, 700.00 W, 700.00 W, 1980 MHz, 2619 MHz, [N/A]
2025/11/27 04:08:08.694, 7, NVIDIA H100 80GB HBM3, P0, 0 %, 0 %, 81559 MiB, 79559 MiB, 1521 MiB, 35, 41, 118.09 W, 700.00 W, 700.00 W, 1980 MHz, 2619 MHz, [N/A]
2025/11/27 04:08:13.695, 0, NVIDIA H100 80GB HBM3, P0, 0 %, 0 %, 81559 MiB, 79559 MiB, 1521 MiB, 35, 43, 116.25 W, 700.00 W, 700.00 W, 1980 MHz, 2619 MHz, [N/A]
2025/11/27 04:08:13.696, 1, NVIDIA H100 80GB HBM3, P0, 0 %, 0 %, 81559 MiB, 79559 MiB, 1521 MiB, 38, 44, 121.79 W, 700.00 W, 700.00 W, 1980 MHz, 2619 MHz, [N/A]
2025/11/27 04:08:13.697, 2, NVIDIA H100 80GB HBM3, P0, 0 %, 0 %, 81559 MiB, 79559 MiB, 1521 MiB, 37, 44, 122.95 W, 700.00 W, 700.00 W, 1980 MHz, 2619 MHz, [N/A]
2025/11/27 04:08:13.698, 3, NVIDIA H100 80GB HBM3, P0, 0 %, 0 %, 81559 MiB, 79559 MiB, 1521 MiB, 34, 41, 118.90 W, 700.00 W, 700.00 W, 1980 MHz, 2619 MHz, [N/A]
2025/11/27 04:08:13.698, 4, NVIDIA H100 80GB HBM3, P0, 14 %, 0 %, 81559 MiB, 75127 MiB, 5953 MiB, 33, 39, 115.67 W, 700.00 W, 700.00 W, 1980 MHz, 2619 MHz, [N/A]
2025/11/27 04:08:13.699, 5, NVIDIA H100 80GB HBM3, P0, 0 %, 0 %, 81559 MiB, 79559 MiB, 1521 MiB, 37, 42, 120.29 W, 700.00 W, 700.00 W, 1980 MHz, 2619 MHz, [N/A]
2025/11/27 04:08:13.700, 6, NVIDIA H100 80GB HBM3, P0, 0 %, 0 %, 81559 MiB, 79559 MiB, 1521 MiB, 36, 41, 116.59 W, 700.00 W, 700.00 W, 1980 MHz, 2619 MHz, [N/A]
2025/11/27 04:08:13.700, 7, NVIDIA H100 80GB HBM3, P0, 11 %, 0 %, 81559 MiB, 73483 MiB, 7597 MiB, 35, 42, 118.74 W, 700.00 W, 700.00 W, 1980 MHz, 2619 MHz, [N/A]
2025/11/27 04:08:18.702, 0, NVIDIA H100 80GB HBM3, P0, 0 %, 0 %, 81559 MiB, 73387 MiB, 7693 MiB, 35, 43, 116.22 W, 700.00 W, 700.00 W, 1980 MHz, 2619 MHz, [N/A]
2025/11/27 04:08:18.703, 1, NVIDIA H100 80GB HBM3, P0, 0 %, 0 %, 81559 MiB, 73387 MiB, 7693 MiB, 38, 44, 121.93 W, 700.00 W, 700.00 W, 1980 MHz, 2619 MHz, [N/A]
2025/11/27 04:08:18.703, 2, NVIDIA H100 80GB HBM3, P0, 0 %, 0 %, 81559 MiB, 73387 MiB, 7693 MiB, 37, 44, 122.94 W, 700.00 W, 700.00 W, 1980 MHz, 2619 MHz, [N/A]
2025/11/27 04:08:18.704, 3, NVIDIA H100 80GB HBM3, P0, 0 %, 0 %, 81559 MiB, 73387 MiB, 7693 MiB, 34, 41, 118.86 W, 700.00 W, 700.00 W, 1980 MHz, 2619 MHz, [N/A]
2025/11/27 04:08:18.704, 4, NVIDIA H100 80GB HBM3, P0, 0 %, 0 %, 81559 MiB, 73387 MiB, 7693 MiB, 33, 39, 114.94 W, 700.00 W, 700.00 W, 1980 MHz, 2619 MHz, [N/A]
2025/11/27 04:08:18.705, 5, NVIDIA H100 80GB HBM3, P0, 0 %, 0 %, 81559 MiB, 73387 MiB, 7693 MiB, 37, 41, 120.29 W, 700.00 W, 700.00 W, 1980 MHz, 2619 MHz, [N/A]
2025/11/27 04:08:18.705, 6, NVIDIA H100 80GB HBM3, P0, 14 %, 0 %, 81559 MiB, 73387 MiB, 7693 MiB, 36, 41, 116.95 W, 700.00 W, 700.00 W, 1980 MHz, 2619 MHz, [N/A]
2025/11/27 04:08:18.706, 7, NVIDIA H100 80GB HBM3, P0, 0 %, 0 %, 81559 MiB, 73387 MiB, 7693 MiB, 35, 41, 117.71 W, 700.00 W, 700.00 W, 1980 MHz, 2619 MHz, [N/A]
2025/11/27 04:08:23.707, 0, NVIDIA H100 80GB HBM3, P0, 5 %, 0 %, 81559 MiB, 72849 MiB, 8231 MiB, 35, 41, 116.51 W, 700.00 W, 700.00 W, 1980 MHz, 2619 MHz, [N/A]
2025/11/27 04:08:23.708, 1, NVIDIA H100 80GB HBM3, P0, 0 %, 0 %, 81559 MiB, 79021 MiB, 2059 MiB, 38, 44, 122.41 W, 700.00 W, 700.00 W, 1980 MHz, 2619 MHz, [N/A]
2025/11/27 04:08:23.709, 2, NVIDIA H100 80GB HBM3, P0, 0 %, 0 %, 81559 MiB, 79021 MiB, 2059 MiB, 37, 44, 123.39 W, 700.00 W, 700.00 W, 1980 MHz, 2619 MHz, [N/A]
2025/11/27 04:08:23.709, 3, NVIDIA H100 80GB HBM3, P0, 5 %, 0 %, 81559 MiB, 79021 MiB, 2059 MiB, 34, 42, 119.54 W, 700.00 W, 700.00 W, 1980 MHz, 2619 MHz, [N/A]
2025/11/27 04:08:23.710, 4, NVIDIA H100 80GB HBM3, P0, 5 %, 0 %, 81559 MiB, 72849 MiB, 8231 MiB, 33, 39, 115.19 W, 700.00 W, 700.00 W, 1980 MHz, 2619 MHz, [N/A]
2025/11/27 04:08:23.711, 5, NVIDIA H100 80GB HBM3, P0, 5 %, 0 %, 81559 MiB, 72849 MiB, 8231 MiB, 37, 41, 120.55 W, 700.00 W, 700.00 W, 1980 MHz, 2619 MHz, [N/A]
2025/11/27 04:08:23.711, 6, NVIDIA H100 80GB HBM3, P0, 0 %, 0 %, 81559 MiB, 79021 MiB, 2059 MiB, 36, 41, 117.06 W, 700.00 W, 700.00 W, 1980 MHz, 2619 MHz, [N/A]
2025/11/27 04:08:23.712, 7, NVIDIA H100 80GB HBM3, P0, 0 %, 0 %, 81559 MiB, 79021 MiB, 2059 MiB, 35, 41, 118.19 W, 700.00 W, 700.00 W, 1980 MHz, 2619 MHz, [N/A]
2025/11/27 04:08:28.713, 0, NVIDIA H100 80GB HBM3, P0, 0 %, 0 %, 81559 MiB, 79021 MiB, 2059 MiB, 35, 43, 116.19 W, 700.00 W, 700.00 W, 1980 MHz, 2619 MHz, [N/A]
2025/11/27 04:08:28.714, 1, NVIDIA H100 80GB HBM3, P0, 100 %, 0 %, 81559 MiB, 69829 MiB, 11251 MiB, 38, 44, 122.91 W, 700.00 W, 700.00 W, 1980 MHz, 2619 MHz, [N/A]
2025/11/27 04:08:28.714, 2, NVIDIA H100 80GB HBM3, P0, 100 %, 0 %, 81559 MiB, 69829 MiB, 11251 MiB, 37, 44, 123.41 W, 700.00 W, 700.00 W, 1980 MHz, 2619 MHz, [N/A]
2025/11/27 04:08:28.715, 3, NVIDIA H100 80GB HBM3, P0, 17 %, 0 %, 81559 MiB, 72893 MiB, 8187 MiB, 34, 41, 119.32 W, 700.00 W, 700.00 W, 1980 MHz, 2619 MHz, [N/A]
2025/11/27 04:08:28.716, 4, NVIDIA H100 80GB HBM3, P0, 0 %, 0 %, 81559 MiB, 72893 MiB, 8187 MiB, 33, 39, 114.84 W, 700.00 W, 700.00 W, 1980 MHz, 2619 MHz, [N/A]
2025/11/27 04:08:28.716, 5, NVIDIA H100 80GB HBM3, P0, 0 %, 0 %, 81559 MiB, 79021 MiB, 2059 MiB, 37, 41, 120.16 W, 700.00 W, 700.00 W, 1980 MHz, 2619 MHz, [N/A]
2025/11/27 04:08:28.717, 6, NVIDIA H100 80GB HBM3, P0, 100 %, 0 %, 81559 MiB, 69829 MiB, 11251 MiB, 36, 41, 117.96 W, 700.00 W, 700.00 W, 1980 MHz, 2619 MHz, [N/A]
2025/11/27 04:08:28.717, 7, NVIDIA H100 80GB HBM3, P0, 100 %, 0 %, 81559 MiB, 69829 MiB, 11251 MiB, 35, 41, 117.71 W, 700.00 W, 700.00 W, 1980 MHz, 2619 MHz, [N/A]
2025/11/27 04:08:33.718, 0, NVIDIA H100 80GB HBM3, P0, 43 %, 19 %, 81559 MiB, 59605 MiB, 21475 MiB, 39, 46, 230.36 W, 700.00 W, 700.00 W, 1980 MHz, 2619 MHz, [N/A]
2025/11/27 04:08:33.719, 1, NVIDIA H100 80GB HBM3, P0, 54 %, 6 %, 81559 MiB, 59029 MiB, 22051 MiB, 41, 48, 251.16 W, 700.00 W, 700.00 W, 1980 MHz, 2619 MHz, [N/A]
2025/11/27 04:08:33.720, 2, NVIDIA H100 80GB HBM3, P0, 99 %, 35 %, 81559 MiB, 59409 MiB, 21671 MiB, 40, 46, 250.72 W, 700.00 W, 700.00 W, 1980 MHz, 2619 MHz, [N/A]
2025/11/27 04:08:33.721, 3, NVIDIA H100 80GB HBM3, P0, 93 %, 52 %, 81559 MiB, 57639 MiB, 23441 MiB, 37, 45, 248.89 W, 700.00 W, 700.00 W, 1980 MHz, 2619 MHz, [N/A]
2025/11/27 04:08:33.722, 4, NVIDIA H100 80GB HBM3, P0, 91 %, 32 %, 81559 MiB, 58987 MiB, 22093 MiB, 37, 43, 245.05 W, 700.00 W, 700.00 W, 1980 MHz, 2619 MHz, [N/A]
2025/11/27 04:08:33.723, 5, NVIDIA H100 80GB HBM3, P0, 88 %, 49 %, 81559 MiB, 59273 MiB, 21807 MiB, 39, 45, 244.58 W, 700.00 W, 700.00 W, 1980 MHz, 2619 MHz, [N/A]
2025/11/27 04:08:33.723, 6, NVIDIA H100 80GB HBM3, P0, 92 %, 52 %, 81559 MiB, 58079 MiB, 23001 MiB, 38, 45, 241.65 W, 700.00 W, 700.00 W, 1980 MHz, 2619 MHz, [N/A]
2025/11/27 04:08:33.724, 7, NVIDIA H100 80GB HBM3, P0, 99 %, 51 %, 81559 MiB, 56569 MiB, 24511 MiB, 40, 45, 254.19 W, 700.00 W, 700.00 W, 1980 MHz, 2619 MHz, [N/A]
2025/11/27 04:08:38.725, 0, NVIDIA H100 80GB HBM3, P0, 91 %, 56 %, 81559 MiB, 58839 MiB, 22241 MiB, 38, 45, 253.53 W, 700.00 W, 700.00 W, 1980 MHz, 2619 MHz, [N/A]
2025/11/27 04:08:38.727, 1, NVIDIA H100 80GB HBM3, P0, 88 %, 22 %, 81559 MiB, 59015 MiB, 22065 MiB, 42, 48, 267.12 W, 700.00 W, 700.00 W, 1980 MHz, 2619 MHz, [N/A]
2025/11/27 04:08:38.728, 2, NVIDIA H100 80GB HBM3, P0, 79 %, 42 %, 81559 MiB, 59397 MiB, 21683 MiB, 41, 46, 261.70 W, 700.00 W, 700.00 W, 1980 MHz, 2619 MHz, [N/A]
2025/11/27 04:08:38.728, 3, NVIDIA H100 80GB HBM3, P0, 50 %, 24 %, 81559 MiB, 57627 MiB, 23453 MiB, 37, 45, 241.89 W, 700.00 W, 700.00 W, 1980 MHz, 2619 MHz, [N/A]
2025/11/27 04:08:38.729, 4, NVIDIA H100 80GB HBM3, P0, 88 %, 48 %, 81559 MiB, 58965 MiB, 22115 MiB, 37, 43, 251.93 W, 700.00 W, 700.00 W, 1980 MHz, 2619 MHz, [N/A]
2025/11/27 04:08:38.730, 5, NVIDIA H100 80GB HBM3, P0, 36 %, 19 %, 81559 MiB, 59247 MiB, 21833 MiB, 40, 46, 248.66 W, 700.00 W, 700.00 W, 1980 MHz, 2619 MHz, [N/A]
2025/11/27 04:08:38.731, 6, NVIDIA H100 80GB HBM3, P0, 37 %, 21 %, 81559 MiB, 58057 MiB, 23023 MiB, 40, 47, 267.57 W, 700.00 W, 700.00 W, 1980 MHz, 2619 MHz, [N/A]
2025/11/27 04:08:38.732, 7, NVIDIA H100 80GB HBM3, P0, 45 %, 28 %, 81559 MiB, 56543 MiB, 24537 MiB, 38, 45, 251.75 W, 700.00 W, 700.00 W, 1980 MHz, 2619 MHz, [N/A]
2025/11/27 04:08:43.733, 0, NVIDIA H100 80GB HBM3, P0, 86 %, 49 %, 81559 MiB, 58813 MiB, 22267 MiB, 40, 47, 269.10 W, 700.00 W, 700.00 W, 1980 MHz, 2619 MHz, [N/A]
2025/11/27 04:08:43.734, 1, NVIDIA H100 80GB HBM3, P0, 66 %, 12 %, 81559 MiB, 59003 MiB, 22077 MiB, 42, 48, 287.52 W, 700.00 W, 700.00 W, 1980 MHz, 2619 MHz, [N/A]
2025/11/27 04:08:43.735, 2, NVIDIA H100 80GB HBM3, P0, 90 %, 41 %, 81559 MiB, 59385 MiB, 21695 MiB, 42, 48, 265.58 W, 700.00 W, 700.00 W, 1980 MHz, 2619 MHz, [N/A]
2025/11/27 04:08:43.736, 3, NVIDIA H100 80GB HBM3, P0, 55 %, 15 %, 81559 MiB, 57621 MiB, 23459 MiB, 38, 47, 239.88 W, 700.00 W, 700.00 W, 1980 MHz, 2619 MHz, [N/A]
2025/11/27 04:08:43.736, 4, NVIDIA H100 80GB HBM3, P0, 74 %, 43 %, 81559 MiB, 58013 MiB, 23067 MiB, 38, 46, 280.68 W, 700.00 W, 700.00 W, 1980 MHz, 2619 MHz, [N/A]
2025/11/27 04:08:43.737, 5, NVIDIA H100 80GB HBM3, P0, 80 %, 12 %, 81559 MiB, 59241 MiB, 21839 MiB, 41, 46, 256.04 W, 700.00 W, 700.00 W, 1980 MHz, 2619 MHz, [N/A]
2025/11/27 04:08:43.738, 6, NVIDIA H100 80GB HBM3, P0, 26 %, 12 %, 81559 MiB, 58051 MiB, 23029 MiB, 40, 45, 250.55 W, 700.00 W, 700.00 W, 1980 MHz, 2619 MHz, [N/A]
2025/11/27 04:08:43.738, 7, NVIDIA H100 80GB HBM3, P0, 57 %, 24 %, 81559 MiB, 56537 MiB, 24543 MiB, 39, 45, 239.85 W, 700.00 W, 700.00 W, 1980 MHz, 2619 MHz, [N/A]
2025/11/27 04:08:48.740, 0, NVIDIA H100 80GB HBM3, P0, 62 %, 28 %, 81559 MiB, 58809 MiB, 22271 MiB, 40, 47, 268.66 W, 700.00 W, 700.00 W, 1980 MHz, 2619 MHz, [N/A]
2025/11/27 04:08:48.741, 1, NVIDIA H100 80GB HBM3, P0, 88 %, 12 %, 81559 MiB, 58999 MiB, 22081 MiB, 43, 48, 262.85 W, 700.00 W, 700.00 W, 1980 MHz, 2619 MHz, [N/A]
2025/11/27 04:08:48.742, 2, NVIDIA H100 80GB HBM3, P0, 100 %, 38 %, 81559 MiB, 57773 MiB, 23307 MiB, 43, 49, 274.28 W, 700.00 W, 700.00 W, 1980 MHz, 2619 MHz, [N/A]
2025/11/27 04:08:48.742, 3, NVIDIA H100 80GB HBM3, P0, 87 %, 51 %, 81559 MiB, 56775 MiB, 24305 MiB, 41, 50, 306.42 W, 700.00 W, 700.00 W, 1980 MHz, 2619 MHz, [N/A]
2025/11/27 04:08:48.743, 4, NVIDIA H100 80GB HBM3, P0, 100 %, 30 %, 81559 MiB, 58009 MiB, 23071 MiB, 39, 45, 253.35 W, 700.00 W, 700.00 W, 1980 MHz, 2619 MHz, [N/A]
2025/11/27 04:08:48.744, 5, NVIDIA H100 80GB HBM3, P0, 80 %, 41 %, 81559 MiB, 57461 MiB, 23619 MiB, 41, 47, 280.31 W, 700.00 W, 700.00 W, 1980 MHz, 2619 MHz, [N/A]
2025/11/27 04:08:48.745, 6, NVIDIA H100 80GB HBM3, P0, 85 %, 41 %, 81559 MiB, 55565 MiB, 25515 MiB, 41, 47, 251.97 W, 700.00 W, 700.00 W, 1980 MHz, 2619 MHz, [N/A]
2025/11/27 04:08:48.746, 7, NVIDIA H100 80GB HBM3, P0, 97 %, 44 %, 81559 MiB, 56533 MiB, 24547 MiB, 39, 45, 257.08 W, 700.00 W, 700.00 W, 1980 MHz, 2619 MHz, [N/A]
2025/11/27 04:08:53.748, 0, NVIDIA H100 80GB HBM3, P0, 51 %, 27 %, 81559 MiB, 58807 MiB, 22273 MiB, 41, 49, 263.73 W, 700.00 W, 700.00 W, 1980 MHz, 2619 MHz, [N/A]
2025/11/27 04:08:53.749, 1, NVIDIA H100 80GB HBM3, P0, 60 %, 12 %, 81559 MiB, 58997 MiB, 22083 MiB, 44, 52, 285.13 W, 700.00 W, 700.00 W, 1980 MHz, 2619 MHz, [N/A]
2025/11/27 04:08:53.750, 2, NVIDIA H100 80GB HBM3, P0, 54 %, 10 %, 81559 MiB, 57763 MiB, 23317 MiB, 45, 53, 281.24 W, 700.00 W, 700.00 W, 1980 MHz, 2619 MHz, [N/A]
2025/11/27 04:08:53.751, 3, NVIDIA H100 80GB HBM3, P0, 55 %, 6 %, 81559 MiB, 56771 MiB, 24309 MiB, 39, 47, 277.12 W, 700.00 W, 700.00 W, 1980 MHz, 2619 MHz, [N/A]
2025/11/27 04:08:53.751, 4, NVIDIA H100 80GB HBM3, P0, 73 %, 17 %, 81559 MiB, 58007 MiB, 23073 MiB, 40, 47, 281.30 W, 700.00 W, 700.00 W, 1980 MHz, 2619 MHz, [N/A]
2025/11/27 04:08:53.752, 5, NVIDIA H100 80GB HBM3, P0, 93 %, 6 %, 81559 MiB, 57459 MiB, 23621 MiB, 42, 47, 276.26 W, 700.00 W, 700.00 W, 1980 MHz, 2619 MHz, [N/A]
2025/11/27 04:08:53.753, 6, NVIDIA H100 80GB HBM3, P0, 24 %, 11 %, 81559 MiB, 55563 MiB, 25517 MiB, 44, 53, 287.08 W, 700.00 W, 700.00 W, 1980 MHz, 2619 MHz, [N/A]
2025/11/27 04:08:53.753, 7, NVIDIA H100 80GB HBM3, P0, 63 %, 8 %, 81559 MiB, 56531 MiB, 24549 MiB, 42, 51, 274.65 W, 700.00 W, 700.00 W, 1980 MHz, 2619 MHz, [N/A]
2025/11/27 04:08:58.754, 0, NVIDIA H100 80GB HBM3, P0, 60 %, 34 %, 81559 MiB, 58803 MiB, 22277 MiB, 41, 47, 257.14 W, 700.00 W, 700.00 W, 1980 MHz, 2619 MHz, [N/A]
2025/11/27 04:08:58.755, 1, NVIDIA H100 80GB HBM3, P0, 98 %, 7 %, 81559 MiB, 58047 MiB, 23033 MiB, 45, 52, 285.35 W, 700.00 W, 700.00 W, 1980 MHz, 2619 MHz, [N/A]
2025/11/27 04:08:58.756, 2, NVIDIA H100 80GB HBM3, P0, 91 %, 25 %, 81559 MiB, 57759 MiB, 23321 MiB, 46, 53, 296.11 W, 700.00 W, 700.00 W, 1980 MHz, 2619 MHz, [N/A]
2025/11/27 04:08:58.757, 3, NVIDIA H100 80GB HBM3, P0, 90 %, 9 %, 81559 MiB, 56767 MiB, 24313 MiB, 39, 47, 249.68 W, 700.00 W, 700.00 W, 1980 MHz, 2619 MHz, [N/A]
2025/11/27 04:08:58.757, 4, NVIDIA H100 80GB HBM3, P0, 39 %, 24 %, 81559 MiB, 58003 MiB, 23077 MiB, 40, 47, 263.60 W, 700.00 W, 700.00 W, 1980 MHz, 2619 MHz, [N/A]
2025/11/27 04:08:58.758, 5, NVIDIA H100 80GB HBM3, P0, 36 %, 7 %, 81559 MiB, 57455 MiB, 23625 MiB, 42, 47, 268.80 W, 700.00 W, 700.00 W, 1980 MHz, 2619 MHz, [N/A]
2025/11/27 04:08:58.758, 6, NVIDIA H100 80GB HBM3, P0, 22 %, 8 %, 81559 MiB, 55557 MiB, 25523 MiB, 44, 51, 287.09 W, 700.00 W, 700.00 W, 1980 MHz, 2619 MHz, [N/A]
2025/11/27 04:08:58.759, 7, NVIDIA H100 80GB HBM3, P0, 61 %, 6 %, 81559 MiB, 56525 MiB, 24555 MiB, 42, 51, 261.29 W, 700.00 W, 700.00 W, 1980 MHz, 2619 MHz, [N/A]
2025/11/27 04:09:03.760, 0, NVIDIA H100 80GB HBM3, P0, 17 %, 6 %, 81559 MiB, 58797 MiB, 22283 MiB, 43, 53, 281.93 W, 700.00 W, 700.00 W, 1980 MHz, 2619 MHz, [N/A]
2025/11/27 04:09:03.761, 1, NVIDIA H100 80GB HBM3, P0, 94 %, 52 %, 81559 MiB, 58043 MiB, 23037 MiB, 45, 53, 318.21 W, 700.00 W, 700.00 W, 1980 MHz, 2619 MHz, [N/A]
2025/11/27 04:09:03.762, 2, NVIDIA H100 80GB HBM3, P0, 92 %, 5 %, 81559 MiB, 55903 MiB, 25177 MiB, 45, 52, 298.41 W, 700.00 W, 700.00 W, 1980 MHz, 2619 MHz, [N/A]
2025/11/27 04:09:03.763, 3, NVIDIA H100 80GB HBM3, P0, 41 %, 23 %, 81559 MiB, 56763 MiB, 24317 MiB, 43, 52, 288.39 W, 700.00 W, 700.00 W, 1980 MHz, 2619 MHz, [N/A]
2025/11/27 04:09:03.763, 4, NVIDIA H100 80GB HBM3, P0, 83 %, 9 %, 81559 MiB, 57999 MiB, 23081 MiB, 40, 47, 278.18 W, 700.00 W, 700.00 W, 1980 MHz, 2619 MHz, [N/A]
2025/11/27 04:09:03.763, 5, NVIDIA H100 80GB HBM3, P0, 100 %, 20 %, 81559 MiB, 57451 MiB, 23629 MiB, 45, 52, 289.17 W, 700.00 W, 700.00 W, 1980 MHz, 2619 MHz, [N/A]
2025/11/27 04:09:03.764, 6, NVIDIA H100 80GB HBM3, P0, 98 %, 21 %, 81559 MiB, 55553 MiB, 25527 MiB, 44, 49, 288.59 W, 700.00 W, 700.00 W, 1980 MHz, 2619 MHz, [N/A]
2025/11/27 04:09:03.765, 7, NVIDIA H100 80GB HBM3, P0, 97 %, 17 %, 81559 MiB, 56521 MiB, 24559 MiB, 44, 49, 282.71 W, 700.00 W, 700.00 W, 1980 MHz, 2619 MHz, [N/A]
2025/11/27 04:09:08.766, 0, NVIDIA H100 80GB HBM3, P0, 100 %, 26 %, 81559 MiB, 58795 MiB, 22285 MiB, 43, 54, 281.87 W, 700.00 W, 700.00 W, 1980 MHz, 2619 MHz, [N/A]
2025/11/27 04:09:08.767, 1, NVIDIA H100 80GB HBM3, P0, 100 %, 53 %, 81559 MiB, 58041 MiB, 23039 MiB, 46, 53, 287.59 W, 700.00 W, 700.00 W, 1980 MHz, 2619 MHz, [N/A]
2025/11/27 04:09:08.768, 2, NVIDIA H100 80GB HBM3, P0, 60 %, 26 %, 81559 MiB, 55901 MiB, 25179 MiB, 46, 52, 282.04 W, 700.00 W, 700.00 W, 1980 MHz, 2619 MHz, [N/A]
2025/11/27 04:09:08.769, 3, NVIDIA H100 80GB HBM3, P0, 60 %, 7 %, 81559 MiB, 56761 MiB, 24319 MiB, 40, 47, 266.27 W, 700.00 W, 700.00 W, 1980 MHz, 2619 MHz, [N/A]
2025/11/27 04:09:08.769, 4, NVIDIA H100 80GB HBM3, P0, 43 %, 27 %, 81559 MiB, 56145 MiB, 24935 MiB, 40, 47, 283.66 W, 700.00 W, 700.00 W, 1980 MHz, 2619 MHz, [N/A]
2025/11/27 04:09:08.770, 5, NVIDIA H100 80GB HBM3, P0, 88 %, 9 %, 81559 MiB, 57449 MiB, 23631 MiB, 44, 49, 284.46 W, 700.00 W, 700.00 W, 1980 MHz, 2619 MHz, [N/A]
2025/11/27 04:09:08.770, 6, NVIDIA H100 80GB HBM3, P0, 79 %, 8 %, 81559 MiB, 55549 MiB, 25531 MiB, 45, 51, 284.43 W, 700.00 W, 700.00 W, 1980 MHz, 2619 MHz, [N/A]
2025/11/27 04:09:08.771, 7, NVIDIA H100 80GB HBM3, P0, 93 %, 7 %, 81559 MiB, 56521 MiB, 24559 MiB, 44, 51, 274.57 W, 700.00 W, 700.00 W, 1980 MHz, 2619 MHz, [N/A]
2025/11/27 04:09:13.773, 0, NVIDIA H100 80GB HBM3, P0, 93 %, 50 %, 81559 MiB, 58793 MiB, 22287 MiB, 44, 51, 297.43 W, 700.00 W, 700.00 W, 1980 MHz, 2619 MHz, [N/A]
2025/11/27 04:09:13.774, 1, NVIDIA H100 80GB HBM3, P0, 86 %, 34 %, 81559 MiB, 58037 MiB, 23043 MiB, 46, 56, 284.79 W, 700.00 W, 700.00 W, 1980 MHz, 2619 MHz, [N/A]
2025/11/27 04:09:13.775, 2, NVIDIA H100 80GB HBM3, P0, 54 %, 7 %, 81559 MiB, 55899 MiB, 25181 MiB, 47, 54, 290.21 W, 700.00 W, 700.00 W, 1980 MHz, 2619 MHz, [N/A]
2025/11/27 04:09:13.775, 3, NVIDIA H100 80GB HBM3, P0, 93 %, 5 %, 81559 MiB, 56757 MiB, 24323 MiB, 41, 49, 286.77 W, 700.00 W, 700.00 W, 1980 MHz, 2619 MHz, [N/A]
2025/11/27 04:09:13.776, 4, NVIDIA H100 80GB HBM3, P0, 21 %, 8 %, 81559 MiB, 56141 MiB, 24939 MiB, 42, 50, 270.33 W, 700.00 W, 700.00 W, 1980 MHz, 2619 MHz, [N/A]
2025/11/27 04:09:13.776, 5, NVIDIA H100 80GB HBM3, P0, 94 %, 6 %, 81559 MiB, 57443 MiB, 23637 MiB, 45, 52, 293.80 W, 700.00 W, 700.00 W, 1980 MHz, 2619 MHz, [N/A]
2025/11/27 04:09:13.777, 6, NVIDIA H100 80GB HBM3, P0, 93 %, 6 %, 81559 MiB, 55547 MiB, 25533 MiB, 44, 52, 295.33 W, 700.00 W, 700.00 W, 1980 MHz, 2619 MHz, [N/A]
2025/11/27 04:09:13.777, 7, NVIDIA H100 80GB HBM3, P0, 60 %, 12 %, 81559 MiB, 56513 MiB, 24567 MiB, 44, 52, 305.47 W, 700.00 W, 700.00 W, 1980 MHz, 2619 MHz, [N/A]
2025/11/27 04:09:18.779, 0, NVIDIA H100 80GB HBM3, P0, 44 %, 21 %, 81559 MiB, 57879 MiB, 23201 MiB, 44, 51, 288.12 W, 700.00 W, 700.00 W, 1980 MHz, 2619 MHz, [N/A]
2025/11/27 04:09:18.781, 1, NVIDIA H100 80GB HBM3, P0, 63 %, 11 %, 81559 MiB, 58035 MiB, 23045 MiB, 45, 52, 291.13 W, 700.00 W, 700.00 W, 1980 MHz, 2619 MHz, [N/A]
2025/11/27 04:09:18.782, 2, NVIDIA H100 80GB HBM3, P0, 61 %, 28 %, 81559 MiB, 55895 MiB, 25185 MiB, 46, 52, 285.35 W, 700.00 W, 700.00 W, 1980 MHz, 2619 MHz, [N/A]
2025/11/27 04:09:18.783, 3, NVIDIA H100 80GB HBM3, P0, 94 %, 48 %, 81559 MiB, 56757 MiB, 24323 MiB, 41, 51, 287.00 W, 700.00 W, 700.00 W, 1980 MHz, 2619 MHz, [N/A]
2025/11/27 04:09:18.784, 4, NVIDIA H100 80GB HBM3, P0, 100 %, 24 %, 81559 MiB, 56139 MiB, 24941 MiB, 41, 47, 263.62 W, 700.00 W, 700.00 W, 1980 MHz, 2619 MHz, [N/A]
2025/11/27 04:09:18.785, 5, NVIDIA H100 80GB HBM3, P0, 90 %, 49 %, 81559 MiB, 57441 MiB, 23639 MiB, 46, 51, 295.33 W, 700.00 W, 700.00 W, 1980 MHz, 2619 MHz, [N/A]
2025/11/27 04:09:18.785, 6, NVIDIA H100 80GB HBM3, P0, 92 %, 48 %, 81559 MiB, 55547 MiB, 25533 MiB, 44, 49, 270.47 W, 700.00 W, 700.00 W, 1980 MHz, 2619 MHz, [N/A]
2025/11/27 04:09:18.786, 7, NVIDIA H100 80GB HBM3, P0, 100 %, 51 %, 81559 MiB, 56511 MiB, 24569 MiB, 42, 49, 272.50 W, 700.00 W, 700.00 W, 1980 MHz, 2619 MHz, [N/A]
2025/11/27 04:09:23.788, 0, NVIDIA H100 80GB HBM3, P0, 41 %, 23 %, 81559 MiB, 57877 MiB, 23203 MiB, 45, 54, 301.71 W, 700.00 W, 700.00 W, 1980 MHz, 2619 MHz, [N/A]
2025/11/27 04:09:23.789, 1, NVIDIA H100 80GB HBM3, P0, 100 %, 46 %, 81559 MiB, 58035 MiB, 23045 MiB, 47, 53, 296.83 W, 700.00 W, 700.00 W, 1980 MHz, 2619 MHz, [N/A]
2025/11/27 04:09:23.790, 2, NVIDIA H100 80GB HBM3, P0, 21 %, 9 %, 81559 MiB, 55893 MiB, 25187 MiB, 47, 52, 311.24 W, 700.00 W, 700.00 W, 1980 MHz, 2619 MHz, [N/A]
2025/11/27 04:09:23.790, 3, NVIDIA H100 80GB HBM3, P0, 87 %, 31 %, 81559 MiB, 56753 MiB, 24327 MiB, 42, 49, 289.32 W, 700.00 W, 700.00 W, 1980 MHz, 2619 MHz, [N/A]
2025/11/27 04:09:23.791, 4, NVIDIA H100 80GB HBM3, P0, 100 %, 28 %, 81559 MiB, 56137 MiB, 24943 MiB, 42, 51, 286.79 W, 700.00 W, 700.00 W, 1980 MHz, 2619 MHz, [N/A]
2025/11/27 04:09:23.792, 5, NVIDIA H100 80GB HBM3, P0, 78 %, 27 %, 81559 MiB, 57439 MiB, 23641 MiB, 45, 51, 299.05 W, 700.00 W, 700.00 W, 1980 MHz, 2619 MHz, [N/A]
2025/11/27 04:09:23.793, 6, NVIDIA H100 80GB HBM3, P0, 75 %, 33 %, 81559 MiB, 55543 MiB, 25537 MiB, 46, 53, 285.94 W, 700.00 W, 700.00 W, 1980 MHz, 2619 MHz, [N/A]
2025/11/27 04:09:23.793, 7, NVIDIA H100 80GB HBM3, P0, 91 %, 37 %, 81559 MiB, 56507 MiB, 24573 MiB, 44, 51, 279.66 W, 700.00 W, 700.00 W, 1980 MHz, 2619 MHz, [N/A]
2025/11/27 04:09:28.795, 0, NVIDIA H100 80GB HBM3, P0, 82 %, 27 %, 81559 MiB, 57877 MiB, 23203 MiB, 42, 50, 283.87 W, 700.00 W, 700.00 W, 1980 MHz, 2619 MHz, [N/A]
2025/11/27 04:09:28.796, 1, NVIDIA H100 80GB HBM3, P0, 97 %, 13 %, 81559 MiB, 58031 MiB, 23049 MiB, 49, 54, 292.98 W, 700.00 W, 700.00 W, 1980 MHz, 2619 MHz, [N/A]
2025/11/27 04:09:28.797, 2, NVIDIA H100 80GB HBM3, P0, 100 %, 49 %, 81559 MiB, 55891 MiB, 25189 MiB, 49, 55, 294.52 W, 700.00 W, 700.00 W, 1980 MHz, 2619 MHz, [N/A]
2025/11/27 04:09:28.798, 3, NVIDIA H100 80GB HBM3, P0, 100 %, 18 %, 81559 MiB, 56753 MiB, 24327 MiB, 43, 52, 290.06 W, 700.00 W, 700.00 W, 1980 MHz, 2619 MHz, [N/A]
2025/11/27 04:09:28.799, 4, NVIDIA H100 80GB HBM3, P0, 34 %, 15 %, 81559 MiB, 56135 MiB, 24945 MiB, 44, 49, 317.46 W, 700.00 W, 700.00 W, 1980 MHz, 2619 MHz, [N/A]
2025/11/27 04:09:28.800, 5, NVIDIA H100 80GB HBM3, P0, 61 %, 32 %, 81559 MiB, 57435 MiB, 23645 MiB, 48, 53, 306.91 W, 700.00 W, 700.00 W, 1980 MHz, 2619 MHz, [N/A]
2025/11/27 04:09:28.801, 6, NVIDIA H100 80GB HBM3, P0, 100 %, 20 %, 81559 MiB, 55541 MiB, 25539 MiB, 45, 51, 277.95 W, 700.00 W, 700.00 W, 1980 MHz, 2619 MHz, [N/A]
2025/11/27 04:09:28.802, 7, NVIDIA H100 80GB HBM3, P0, 100 %, 17 %, 81559 MiB, 56507 MiB, 24573 MiB, 44, 49, 294.51 W, 700.00 W, 700.00 W, 1980 MHz, 2619 MHz, [N/A]
2025/11/27 04:09:33.803, 0, NVIDIA H100 80GB HBM3, P0, 100 %, 30 %, 81559 MiB, 56965 MiB, 24115 MiB, 45, 55, 285.53 W, 700.00 W, 700.00 W, 1980 MHz, 2619 MHz, [N/A]
2025/11/27 04:09:33.804, 1, NVIDIA H100 80GB HBM3, P0, 97 %, 54 %, 81559 MiB, 57195 MiB, 23885 MiB, 48, 56, 304.61 W, 700.00 W, 700.00 W, 1980 MHz, 2619 MHz, [N/A]
2025/11/27 04:09:33.805, 2, NVIDIA H100 80GB HBM3, P0, 24 %, 7 %, 81559 MiB, 55889 MiB, 25191 MiB, 48, 55, 298.58 W, 700.00 W, 700.00 W, 1980 MHz, 2619 MHz, [N/A]
2025/11/27 04:09:33.806, 3, NVIDIA H100 80GB HBM3, P0, 87 %, 45 %, 81559 MiB, 56747 MiB, 24333 MiB, 45, 53, 316.13 W, 700.00 W, 700.00 W, 1980 MHz, 2619 MHz, [N/A]
2025/11/27 04:09:33.806, 4, NVIDIA H100 80GB HBM3, P0, 99 %, 43 %, 81559 MiB, 56133 MiB, 24947 MiB, 42, 49, 282.50 W, 700.00 W, 700.00 W, 1980 MHz, 2619 MHz, [N/A]
2025/11/27 04:09:33.807, 5, NVIDIA H100 80GB HBM3, P0, 75 %, 19 %, 81559 MiB, 57433 MiB, 23647 MiB, 46, 51, 298.01 W, 700.00 W, 700.00 W, 1980 MHz, 2619 MHz, [N/A]
2025/11/27 04:09:33.808, 6, NVIDIA H100 80GB HBM3, P0, 83 %, 21 %, 81559 MiB, 55535 MiB, 25545 MiB, 47, 54, 292.50 W, 700.00 W, 700.00 W, 1980 MHz, 2619 MHz, [N/A]
2025/11/27 04:09:33.808, 7, NVIDIA H100 80GB HBM3, P0, 91 %, 25 %, 81559 MiB, 56505 MiB, 24575 MiB, 45, 52, 292.23 W, 700.00 W, 700.00 W, 1980 MHz, 2619 MHz, [N/A]
2025/11/27 04:09:38.809, 0, NVIDIA H100 80GB HBM3, P0, 77 %, 42 %, 81559 MiB, 56965 MiB, 24115 MiB, 45, 55, 300.44 W, 700.00 W, 700.00 W, 1980 MHz, 2619 MHz, [N/A]
2025/11/27 04:09:38.810, 1, NVIDIA H100 80GB HBM3, P0, 89 %, 52 %, 81559 MiB, 57191 MiB, 23889 MiB, 49, 56, 306.73 W, 700.00 W, 700.00 W, 1980 MHz, 2619 MHz, [N/A]
2025/11/27 04:09:38.811, 2, NVIDIA H100 80GB HBM3, P0, 91 %, 5 %, 81559 MiB, 55889 MiB, 25191 MiB, 48, 54, 302.31 W, 700.00 W, 700.00 W, 1980 MHz, 2619 MHz, [N/A]
2025/11/27 04:09:38.811, 3, NVIDIA H100 80GB HBM3, P0, 86 %, 37 %, 81559 MiB, 56747 MiB, 24333 MiB, 43, 53, 295.90 W, 700.00 W, 700.00 W, 1980 MHz, 2619 MHz, [N/A]
2025/11/27 04:09:38.812, 4, NVIDIA H100 80GB HBM3, P0, 99 %, 47 %, 81559 MiB, 56133 MiB, 24947 MiB, 41, 49, 280.75 W, 700.00 W, 700.00 W, 1980 MHz, 2619 MHz, [N/A]
2025/11/27 04:09:38.813, 5, NVIDIA H100 80GB HBM3, P0, 77 %, 33 %, 81559 MiB, 57433 MiB, 23647 MiB, 47, 55, 289.05 W, 700.00 W, 700.00 W, 1980 MHz, 2619 MHz, [N/A]
2025/11/27 04:09:38.813, 6, NVIDIA H100 80GB HBM3, P0, 80 %, 13 %, 81559 MiB, 55535 MiB, 25545 MiB, 46, 53, 299.61 W, 700.00 W, 700.00 W, 1980 MHz, 2619 MHz, [N/A]
2025/11/27 04:09:38.814, 7, NVIDIA H100 80GB HBM3, P0, 54 %, 21 %, 81559 MiB, 56501 MiB, 24579 MiB, 46, 54, 319.96 W, 700.00 W, 700.00 W, 1980 MHz, 2619 MHz, [N/A]
2025/11/27 04:09:43.815, 0, NVIDIA H100 80GB HBM3, P0, 92 %, 6 %, 81559 MiB, 56963 MiB, 24117 MiB, 43, 52, 314.72 W, 700.00 W, 700.00 W, 1980 MHz, 2619 MHz, [N/A]
2025/11/27 04:09:43.817, 1, NVIDIA H100 80GB HBM3, P0, 98 %, 10 %, 81559 MiB, 57191 MiB, 23889 MiB, 47, 54, 304.38 W, 700.00 W, 700.00 W, 1980 MHz, 2619 MHz, [N/A]
2025/11/27 04:09:43.818, 2, NVIDIA H100 80GB HBM3, P0, 91 %, 21 %, 81559 MiB, 55885 MiB, 25195 MiB, 49, 54, 304.81 W, 700.00 W, 700.00 W, 1980 MHz, 2619 MHz, [N/A]
2025/11/27 04:09:43.819, 3, NVIDIA H100 80GB HBM3, P0, 43 %, 20 %, 81559 MiB, 56745 MiB, 24335 MiB, 42, 49, 315.65 W, 700.00 W, 700.00 W, 1980 MHz, 2619 MHz, [N/A]
2025/11/27 04:09:43.820, 4, NVIDIA H100 80GB HBM3, P0, 50 %, 17 %, 81559 MiB, 56129 MiB, 24951 MiB, 43, 50, 324.98 W, 700.00 W, 700.00 W, 1980 MHz, 2619 MHz, [N/A]
2025/11/27 04:09:43.821, 5, NVIDIA H100 80GB HBM3, P0, 100 %, 22 %, 81559 MiB, 57431 MiB, 23649 MiB, 46, 51, 322.15 W, 700.00 W, 700.00 W, 1980 MHz, 2619 MHz, [N/A]
2025/11/27 04:09:43.822, 6, NVIDIA H100 80GB HBM3, P0, 91 %, 46 %, 81559 MiB, 55531 MiB, 25549 MiB, 45, 51, 292.18 W, 700.00 W, 700.00 W, 1980 MHz, 2619 MHz, [N/A]
2025/11/27 04:09:43.822, 7, NVIDIA H100 80GB HBM3, P0, 62 %, 18 %, 81559 MiB, 56501 MiB, 24579 MiB, 45, 51, 295.56 W, 700.00 W, 700.00 W, 1980 MHz, 2619 MHz, [N/A]
2025/11/27 04:09:48.824, 0, NVIDIA H100 80GB HBM3, P0, 79 %, 46 %, 81559 MiB, 56961 MiB, 24119 MiB, 46, 53, 291.85 W, 700.00 W, 700.00 W, 1980 MHz, 2619 MHz, [N/A]
2025/11/27 04:09:48.825, 1, NVIDIA H100 80GB HBM3, P0, 65 %, 30 %, 81559 MiB, 57189 MiB, 23891 MiB, 48, 57, 304.05 W, 700.00 W, 700.00 W, 1980 MHz, 2619 MHz, [N/A]
2025/11/27 04:09:48.826, 2, NVIDIA H100 80GB HBM3, P0, 100 %, 20 %, 81559 MiB, 55885 MiB, 25195 MiB, 49, 56, 341.08 W, 700.00 W, 700.00 W, 1980 MHz, 2619 MHz, [N/A]
2025/11/27 04:09:48.827, 3, NVIDIA H100 80GB HBM3, P0, 60 %, 27 %, 81559 MiB, 56741 MiB, 24339 MiB, 44, 53, 311.73 W, 700.00 W, 700.00 W, 1980 MHz, 2619 MHz, [N/A]
2025/11/27 04:09:48.827, 4, NVIDIA H100 80GB HBM3, P0, 85 %, 41 %, 81559 MiB, 56129 MiB, 24951 MiB, 41, 47, 292.57 W, 700.00 W, 700.00 W, 1980 MHz, 2619 MHz, [N/A]
2025/11/27 04:09:48.828, 5, NVIDIA H100 80GB HBM3, P0, 77 %, 19 %, 81559 MiB, 57431 MiB, 23649 MiB, 46, 51, 289.74 W, 700.00 W, 700.00 W, 1980 MHz, 2619 MHz, [N/A]
2025/11/27 04:09:48.829, 6, NVIDIA H100 80GB HBM3, P0, 91 %, 8 %, 81559 MiB, 55529 MiB, 25551 MiB, 47, 53, 295.76 W, 700.00 W, 700.00 W, 1980 MHz, 2619 MHz, [N/A]
2025/11/27 04:09:48.829, 7, NVIDIA H100 80GB HBM3, P0, 95 %, 32 %, 81559 MiB, 56499 MiB, 24581 MiB, 43, 49, 279.72 W, 700.00 W, 700.00 W, 1980 MHz, 2619 MHz, [N/A]
2025/11/27 04:09:53.831, 0, NVIDIA H100 80GB HBM3, P0, 90 %, 45 %, 81559 MiB, 56959 MiB, 24121 MiB, 45, 53, 322.03 W, 700.00 W, 700.00 W, 1980 MHz, 2619 MHz, [N/A]
2025/11/27 04:09:53.833, 1, NVIDIA H100 80GB HBM3, P0, 91 %, 32 %, 81559 MiB, 57189 MiB, 23891 MiB, 49, 58, 346.87 W, 700.00 W, 700.00 W, 1980 MHz, 2619 MHz, [N/A]
2025/11/27 04:09:53.834, 2, NVIDIA H100 80GB HBM3, P0, 84 %, 33 %, 81559 MiB, 55883 MiB, 25197 MiB, 50, 59, 320.97 W, 700.00 W, 700.00 W, 1980 MHz, 2619 MHz, [N/A]
2025/11/27 04:09:53.835, 3, NVIDIA H100 80GB HBM3, P0, 83 %, 15 %, 81559 MiB, 56741 MiB, 24339 MiB, 45, 55, 324.19 W, 700.00 W, 700.00 W, 1980 MHz, 2619 MHz, [N/A]
2025/11/27 04:09:53.835, 4, NVIDIA H100 80GB HBM3, P0, 72 %, 38 %, 81559 MiB, 56127 MiB, 24953 MiB, 43, 49, 309.53 W, 700.00 W, 700.00 W, 1980 MHz, 2619 MHz, [N/A]
2025/11/27 04:09:53.836, 5, NVIDIA H100 80GB HBM3, P0, 71 %, 11 %, 81559 MiB, 55559 MiB, 25521 MiB, 47, 51, 323.67 W, 700.00 W, 700.00 W, 1980 MHz, 2619 MHz, [N/A]
2025/11/27 04:09:53.837, 6, NVIDIA H100 80GB HBM3, P0, 80 %, 34 %, 81559 MiB, 55527 MiB, 25553 MiB, 48, 53, 333.14 W, 700.00 W, 700.00 W, 1980 MHz, 2619 MHz, [N/A]
2025/11/27 04:09:53.838, 7, NVIDIA H100 80GB HBM3, P0, 49 %, 21 %, 81559 MiB, 56497 MiB, 24583 MiB, 45, 51, 310.31 W, 700.00 W, 700.00 W, 1980 MHz, 2619 MHz, [N/A]
2025/11/27 04:09:58.840, 0, NVIDIA H100 80GB HBM3, P0, 99 %, 28 %, 81559 MiB, 56959 MiB, 24121 MiB, 46, 57, 312.74 W, 700.00 W, 700.00 W, 1980 MHz, 2619 MHz, [N/A]
2025/11/27 04:09:58.842, 1, NVIDIA H100 80GB HBM3, P0, 100 %, 46 %, 81559 MiB, 57189 MiB, 23891 MiB, 49, 56, 331.80 W, 700.00 W, 700.00 W, 1980 MHz, 2619 MHz, [N/A]
2025/11/27 04:09:58.843, 2, NVIDIA H100 80GB HBM3, P0, 84 %, 26 %, 81559 MiB, 55883 MiB, 25197 MiB, 48, 55, 320.98 W, 700.00 W, 700.00 W, 1980 MHz, 2619 MHz, [N/A]
2025/11/27 04:09:58.843, 3, NVIDIA H100 80GB HBM3, P0, 93 %, 48 %, 81559 MiB, 56741 MiB, 24339 MiB, 44, 53, 315.67 W, 700.00 W, 700.00 W, 1980 MHz, 2619 MHz, [N/A]
2025/11/27 04:09:58.844, 4, NVIDIA H100 80GB HBM3, P0, 100 %, 35 %, 81559 MiB, 56127 MiB, 24953 MiB, 44, 52, 321.98 W, 700.00 W, 700.00 W, 1980 MHz, 2619 MHz, [N/A]
2025/11/27 04:09:58.845, 5, NVIDIA H100 80GB HBM3, P0, 88 %, 45 %, 81559 MiB, 55557 MiB, 25523 MiB, 49, 53, 321.99 W, 700.00 W, 700.00 W, 1980 MHz, 2619 MHz, [N/A]
2025/11/27 04:09:58.846, 6, NVIDIA H100 80GB HBM3, P0, 94 %, 49 %, 81559 MiB, 55527 MiB, 25553 MiB, 49, 55, 331.43 W, 700.00 W, 700.00 W, 1980 MHz, 2619 MHz, [N/A]
2025/11/27 04:09:58.847, 7, NVIDIA H100 80GB HBM3, P0, 100 %, 51 %, 81559 MiB, 56495 MiB, 24585 MiB, 45, 51, 327.20 W, 700.00 W, 700.00 W, 1980 MHz, 2619 MHz, [N/A]
2025/11/27 04:10:03.849, 0, NVIDIA H100 80GB HBM3, P0, 93 %, 49 %, 81559 MiB, 56957 MiB, 24123 MiB, 45, 53, 299.69 W, 700.00 W, 700.00 W, 1980 MHz, 2619 MHz, [N/A]
2025/11/27 04:10:03.850, 1, NVIDIA H100 80GB HBM3, P0, 87 %, 36 %, 81559 MiB, 57185 MiB, 23895 MiB, 50, 58, 327.76 W, 700.00 W, 700.00 W, 1980 MHz, 2619 MHz, [N/A]
2025/11/27 04:10:03.851, 2, NVIDIA H100 80GB HBM3, P0, 79 %, 28 %, 81559 MiB, 55883 MiB, 25197 MiB, 50, 56, 319.35 W, 700.00 W, 700.00 W, 1980 MHz, 2619 MHz, [N/A]
2025/11/27 04:10:03.852, 3, NVIDIA H100 80GB HBM3, P0, 90 %, 18 %, 81559 MiB, 56739 MiB, 24341 MiB, 44, 54, 304.66 W, 700.00 W, 700.00 W, 1980 MHz, 2619 MHz, [N/A]
2025/11/27 04:10:03.852, 4, NVIDIA H100 80GB HBM3, P0, 76 %, 46 %, 81559 MiB, 56123 MiB, 24957 MiB, 41, 49, 283.99 W, 700.00 W, 700.00 W, 1980 MHz, 2619 MHz, [N/A]
2025/11/27 04:10:03.853, 5, NVIDIA H100 80GB HBM3, P0, 82 %, 13 %, 81559 MiB, 55557 MiB, 25523 MiB, 48, 53, 314.55 W, 700.00 W, 700.00 W, 1980 MHz, 2619 MHz, [N/A]
2025/11/27 04:10:03.854, 6, NVIDIA H100 80GB HBM3, P0, 65 %, 21 %, 81559 MiB, 55525 MiB, 25555 MiB, 47, 53, 302.62 W, 700.00 W, 700.00 W, 1980 MHz, 2619 MHz, [N/A]
2025/11/27 04:10:03.854, 7, NVIDIA H100 80GB HBM3, P0, 94 %, 28 %, 81559 MiB, 56493 MiB, 24587 MiB, 44, 50, 293.73 W, 700.00 W, 700.00 W, 1980 MHz, 2619 MHz, [N/A]
2025/11/27 04:10:08.856, 0, NVIDIA H100 80GB HBM3, P0, 99 %, 46 %, 81559 MiB, 56955 MiB, 24125 MiB, 47, 57, 348.35 W, 700.00 W, 700.00 W, 1980 MHz, 2619 MHz, [N/A]
2025/11/27 04:10:08.856, 1, NVIDIA H100 80GB HBM3, P0, 94 %, 51 %, 81559 MiB, 57185 MiB, 23895 MiB, 49, 56, 310.08 W, 700.00 W, 700.00 W, 1980 MHz, 2619 MHz, [N/A]
2025/11/27 04:10:08.857, 2, NVIDIA H100 80GB HBM3, P0, 84 %, 14 %, 81559 MiB, 55877 MiB, 25203 MiB, 52, 58, 340.47 W, 700.00 W, 700.00 W, 1980 MHz, 2619 MHz, [N/A]
2025/11/27 04:10:08.858, 3, NVIDIA H100 80GB HBM3, P0, 65 %, 38 %, 81559 MiB, 56739 MiB, 24341 MiB, 46, 54, 329.87 W, 700.00 W, 700.00 W, 1980 MHz, 2619 MHz, [N/A]
2025/11/27 04:10:08.859, 4, NVIDIA H100 80GB HBM3, P0, 91 %, 51 %, 81559 MiB, 56123 MiB, 24957 MiB, 43, 51, 314.76 W, 700.00 W, 700.00 W, 1980 MHz, 2619 MHz, [N/A]
2025/11/27 04:10:08.859, 5, NVIDIA H100 80GB HBM3, P0, 82 %, 40 %, 81559 MiB, 55557 MiB, 25523 MiB, 49, 54, 326.82 W, 700.00 W, 700.00 W, 1980 MHz, 2619 MHz, [N/A]
2025/11/27 04:10:08.860, 6, NVIDIA H100 80GB HBM3, P0, 60 %, 36 %, 81559 MiB, 55525 MiB, 25555 MiB, 49, 55, 316.72 W, 700.00 W, 700.00 W, 1980 MHz, 2619 MHz, [N/A]
2025/11/27 04:10:08.860, 7, NVIDIA H100 80GB HBM3, P0, 78 %, 42 %, 81559 MiB, 54961 MiB, 26119 MiB, 45, 51, 321.04 W, 700.00 W, 700.00 W, 1980 MHz, 2619 MHz, [N/A]
2025/11/27 04:10:13.861, 0, NVIDIA H100 80GB HBM3, P0, 100 %, 32 %, 81559 MiB, 56955 MiB, 24125 MiB, 45, 55, 335.94 W, 700.00 W, 700.00 W, 1980 MHz, 2619 MHz, [N/A]
2025/11/27 04:10:13.862, 1, NVIDIA H100 80GB HBM3, P0, 93 %, 54 %, 81559 MiB, 57183 MiB, 23897 MiB, 50, 56, 379.03 W, 700.00 W, 700.00 W, 1980 MHz, 2619 MHz, [N/A]
2025/11/27 04:10:13.863, 2, NVIDIA H100 80GB HBM3, P0, 81 %, 12 %, 81559 MiB, 55877 MiB, 25203 MiB, 51, 56, 355.07 W, 700.00 W, 700.00 W, 1980 MHz, 2619 MHz, [N/A]
2025/11/27 04:10:13.864, 3, NVIDIA H100 80GB HBM3, P0, 87 %, 40 %, 81559 MiB, 56739 MiB, 24341 MiB, 44, 52, 332.21 W, 700.00 W, 700.00 W, 1980 MHz, 2619 MHz, [N/A]
2025/11/27 04:10:13.865, 4, NVIDIA H100 80GB HBM3, P0, 99 %, 46 %, 81559 MiB, 56123 MiB, 24957 MiB, 43, 50, 328.22 W, 700.00 W, 700.00 W, 1980 MHz, 2619 MHz, [N/A]
2025/11/27 04:10:13.866, 5, NVIDIA H100 80GB HBM3, P0, 78 %, 37 %, 81559 MiB, 55555 MiB, 25525 MiB, 49, 53, 327.93 W, 700.00 W, 700.00 W, 1980 MHz, 2619 MHz, [N/A]
2025/11/27 04:10:13.867, 6, NVIDIA H100 80GB HBM3, P0, 89 %, 39 %, 81559 MiB, 55525 MiB, 25555 MiB, 48, 54, 341.09 W, 700.00 W, 700.00 W, 1980 MHz, 2619 MHz, [N/A]
2025/11/27 04:10:13.868, 7, NVIDIA H100 80GB HBM3, P0, 88 %, 46 %, 81559 MiB, 54957 MiB, 26123 MiB, 44, 51, 328.28 W, 700.00 W, 700.00 W, 1980 MHz, 2619 MHz, [N/A]
2025/11/27 04:10:18.869, 0, NVIDIA H100 80GB HBM3, P0, 100 %, 26 %, 81559 MiB, 56955 MiB, 24125 MiB, 45, 56, 308.75 W, 700.00 W, 700.00 W, 1980 MHz, 2619 MHz, [N/A]
2025/11/27 04:10:18.870, 1, NVIDIA H100 80GB HBM3, P0, 100 %, 54 %, 81559 MiB, 56275 MiB, 24805 MiB, 49, 56, 333.45 W, 700.00 W, 700.00 W, 1980 MHz, 2619 MHz, [N/A]
2025/11/27 04:10:18.871, 2, NVIDIA H100 80GB HBM3, P0, 89 %, 12 %, 81559 MiB, 55875 MiB, 25205 MiB, 51, 57, 333.66 W, 700.00 W, 700.00 W, 1980 MHz, 2619 MHz, [N/A]
2025/11/27 04:10:18.872, 3, NVIDIA H100 80GB HBM3, P0, 72 %, 40 %, 81559 MiB, 56735 MiB, 24345 MiB, 42, 51, 311.12 W, 700.00 W, 700.00 W, 1980 MHz, 2619 MHz, [N/A]
2025/11/27 04:10:18.872, 4, NVIDIA H100 80GB HBM3, P0, 100 %, 36 %, 81559 MiB, 56121 MiB, 24959 MiB, 42, 51, 306.83 W, 700.00 W, 700.00 W, 1980 MHz, 2619 MHz, [N/A]
2025/11/27 04:10:18.873, 5, NVIDIA H100 80GB HBM3, P0, 81 %, 43 %, 81559 MiB, 55555 MiB, 25525 MiB, 47, 53, 342.10 W, 700.00 W, 700.00 W, 1980 MHz, 2619 MHz, [N/A]
2025/11/27 04:10:18.874, 6, NVIDIA H100 80GB HBM3, P0, 86 %, 47 %, 81559 MiB, 55521 MiB, 25559 MiB, 47, 53, 354.60 W, 700.00 W, 700.00 W, 1980 MHz, 2619 MHz, [N/A]
2025/11/27 04:10:18.874, 7, NVIDIA H100 80GB HBM3, P0, 86 %, 44 %, 81559 MiB, 54957 MiB, 26123 MiB, 46, 52, 324.23 W, 700.00 W, 700.00 W, 1980 MHz, 2619 MHz, [N/A]
2025/11/27 04:10:23.876, 0, NVIDIA H100 80GB HBM3, P0, 79 %, 43 %, 81559 MiB, 56953 MiB, 24127 MiB, 45, 51, 311.88 W, 700.00 W, 700.00 W, 1980 MHz, 2619 MHz, [N/A]
2025/11/27 04:10:23.877, 1, NVIDIA H100 80GB HBM3, P0, 55 %, 27 %, 81559 MiB, 56275 MiB, 24805 MiB, 48, 57, 316.28 W, 700.00 W, 700.00 W, 1980 MHz, 2619 MHz, [N/A]
2025/11/27 04:10:23.878, 2, NVIDIA H100 80GB HBM3, P0, 33 %, 17 %, 81559 MiB, 55875 MiB, 25205 MiB, 50, 56, 330.85 W, 700.00 W, 700.00 W, 1980 MHz, 2619 MHz, [N/A]
2025/11/27 04:10:23.879, 3, NVIDIA H100 80GB HBM3, P0, 67 %, 10 %, 81559 MiB, 56735 MiB, 24345 MiB, 42, 51, 310.55 W, 700.00 W, 700.00 W, 1980 MHz, 2619 MHz, [N/A]
2025/11/27 04:10:23.880, 4, NVIDIA H100 80GB HBM3, P0, 83 %, 42 %, 81559 MiB, 56121 MiB, 24959 MiB, 45, 52, 306.34 W, 700.00 W, 700.00 W, 1980 MHz, 2619 MHz, [N/A]
2025/11/27 04:10:23.881, 5, NVIDIA H100 80GB HBM3, P0, 81 %, 12 %, 81559 MiB, 55553 MiB, 25527 MiB, 47, 51, 336.77 W, 700.00 W, 700.00 W, 1980 MHz, 2619 MHz, [N/A]
2025/11/27 04:10:23.882, 6, NVIDIA H100 80GB HBM3, P0, 82 %, 11 %, 81559 MiB, 55521 MiB, 25559 MiB, 46, 51, 324.19 W, 700.00 W, 700.00 W, 1980 MHz, 2619 MHz, [N/A]
2025/11/27 04:10:23.882, 7, NVIDIA H100 80GB HBM3, P0, 87 %, 16 %, 81559 MiB, 54957 MiB, 26123 MiB, 44, 49, 286.89 W, 700.00 W, 700.00 W, 1980 MHz, 2619 MHz, [N/A]
2025/11/27 04:10:28.884, 0, NVIDIA H100 80GB HBM3, P0, 90 %, 5 %, 81559 MiB, 56953 MiB, 24127 MiB, 43, 51, 305.04 W, 700.00 W, 700.00 W, 1980 MHz, 2619 MHz, [N/A]
2025/11/27 04:10:28.885, 1, NVIDIA H100 80GB HBM3, P0, 99 %, 8 %, 81559 MiB, 56273 MiB, 24807 MiB, 50, 57, 329.26 W, 700.00 W, 700.00 W, 1980 MHz, 2619 MHz, [N/A]
2025/11/27 04:10:28.885, 2, NVIDIA H100 80GB HBM3, P0, 100 %, 37 %, 81559 MiB, 55875 MiB, 25205 MiB, 49, 58, 316.72 W, 700.00 W, 700.00 W, 1980 MHz, 2619 MHz, [N/A]
2025/11/27 04:10:28.886, 3, NVIDIA H100 80GB HBM3, P0, 43 %, 24 %, 81559 MiB, 55825 MiB, 25255 MiB, 47, 55, 328.64 W, 700.00 W, 700.00 W, 1980 MHz, 2619 MHz, [N/A]
2025/11/27 04:10:28.887, 4, NVIDIA H100 80GB HBM3, P0, 98 %, 6 %, 81559 MiB, 56121 MiB, 24959 MiB, 42, 47, 311.57 W, 700.00 W, 700.00 W, 1980 MHz, 2619 MHz, [N/A]
2025/11/27 04:10:28.888, 5, NVIDIA H100 80GB HBM3, P0, 100 %, 17 %, 81559 MiB, 55551 MiB, 25529 MiB, 48, 55, 325.27 W, 700.00 W, 700.00 W, 1980 MHz, 2619 MHz, [N/A]
2025/11/27 04:10:28.888, 6, NVIDIA H100 80GB HBM3, P0, 100 %, 13 %, 81559 MiB, 55521 MiB, 25559 MiB, 47, 55, 311.29 W, 700.00 W, 700.00 W, 1980 MHz, 2619 MHz, [N/A]
2025/11/27 04:10:28.889, 7, NVIDIA H100 80GB HBM3, P0, 98 %, 12 %, 81559 MiB, 54955 MiB, 26125 MiB, 44, 52, 322.57 W, 700.00 W, 700.00 W, 1980 MHz, 2619 MHz, [N/A]
2025/11/27 04:10:33.890, 0, NVIDIA H100 80GB HBM3, P0, 89 %, 49 %, 81559 MiB, 56951 MiB, 24129 MiB, 44, 53, 306.05 W, 700.00 W, 700.00 W, 1980 MHz, 2619 MHz, [N/A]
2025/11/27 04:10:33.891, 1, NVIDIA H100 80GB HBM3, P0, 55 %, 23 %, 81559 MiB, 56271 MiB, 24809 MiB, 49, 56, 317.17 W, 700.00 W, 700.00 W, 1980 MHz, 2619 MHz, [N/A]
2025/11/27 04:10:33.892, 2, NVIDIA H100 80GB HBM3, P0, 94 %, 6 %, 81559 MiB, 55875 MiB, 25205 MiB, 50, 55, 301.02 W, 700.00 W, 700.00 W, 1980 MHz, 2619 MHz, [N/A]
2025/11/27 04:10:33.893, 3, NVIDIA H100 80GB HBM3, P0, 65 %, 11 %, 81559 MiB, 55823 MiB, 25257 MiB, 42, 51, 297.91 W, 700.00 W, 700.00 W, 1980 MHz, 2619 MHz, [N/A]
2025/11/27 04:10:33.895, 4, NVIDIA H100 80GB HBM3, P0, 98 %, 7 %, 81559 MiB, 56121 MiB, 24959 MiB, 42, 49, 296.80 W, 700.00 W, 700.00 W, 1980 MHz, 2619 MHz, [N/A]
2025/11/27 04:10:33.896, 5, NVIDIA H100 80GB HBM3, P0, 21 %, 8 %, 81559 MiB, 55551 MiB, 25529 MiB, 47, 51, 290.12 W, 700.00 W, 700.00 W, 1980 MHz, 2619 MHz, [N/A]
2025/11/27 04:10:33.897, 6, NVIDIA H100 80GB HBM3, P0, 91 %, 18 %, 81559 MiB, 55521 MiB, 25559 MiB, 47, 53, 315.51 W, 700.00 W, 700.00 W, 1980 MHz, 2619 MHz, [N/A]
2025/11/27 04:10:33.898, 7, NVIDIA H100 80GB HBM3, P0, 86 %, 13 %, 81559 MiB, 54951 MiB, 26129 MiB, 43, 50, 280.10 W, 700.00 W, 700.00 W, 1980 MHz, 2619 MHz, [N/A]
2025/11/27 04:10:38.900, 0, NVIDIA H100 80GB HBM3, P0, 91 %, 15 %, 81559 MiB, 56951 MiB, 24129 MiB, 46, 53, 299.30 W, 700.00 W, 700.00 W, 1980 MHz, 2619 MHz, [N/A]
2025/11/27 04:10:38.901, 1, NVIDIA H100 80GB HBM3, P0, 100 %, 31 %, 81559 MiB, 56271 MiB, 24809 MiB, 50, 58, 305.11 W, 700.00 W, 700.00 W, 1980 MHz, 2619 MHz, [N/A]
2025/11/27 04:10:38.902, 2, NVIDIA H100 80GB HBM3, P0, 85 %, 40 %, 81559 MiB, 55871 MiB, 25209 MiB, 51, 58, 332.61 W, 700.00 W, 700.00 W, 1980 MHz, 2619 MHz, [N/A]
2025/11/27 04:10:38.903, 3, NVIDIA H100 80GB HBM3, P0, 99 %, 48 %, 81559 MiB, 55823 MiB, 25257 MiB, 44, 53, 290.90 W, 700.00 W, 700.00 W, 1980 MHz, 2619 MHz, [N/A]
2025/11/27 04:10:38.904, 4, NVIDIA H100 80GB HBM3, P0, 75 %, 40 %, 81559 MiB, 56121 MiB, 24959 MiB, 43, 51, 298.45 W, 700.00 W, 700.00 W, 1980 MHz, 2619 MHz, [N/A]
2025/11/27 04:10:38.905, 5, NVIDIA H100 80GB HBM3, P0, 99 %, 54 %, 81559 MiB, 55551 MiB, 25529 MiB, 50, 54, 309.26 W, 700.00 W, 700.00 W, 1980 MHz, 2619 MHz, [N/A]
2025/11/27 04:10:38.906, 6, NVIDIA H100 80GB HBM3, P0, 100 %, 54 %, 81559 MiB, 55519 MiB, 25561 MiB, 49, 55, 308.57 W, 700.00 W, 700.00 W, 1980 MHz, 2619 MHz, [N/A]
2025/11/27 04:10:38.908, 7, NVIDIA H100 80GB HBM3, P0, 100 %, 42 %, 81559 MiB, 54951 MiB, 26129 MiB, 46, 53, 295.27 W, 700.00 W, 700.00 W, 1980 MHz, 2619 MHz, [N/A]
2025/11/27 04:10:43.909, 0, NVIDIA H100 80GB HBM3, P0, 65 %, 12 %, 81559 MiB, 56951 MiB, 24129 MiB, 44, 51, 325.96 W, 700.00 W, 700.00 W, 1980 MHz, 2619 MHz, [N/A]
2025/11/27 04:10:43.910, 1, NVIDIA H100 80GB HBM3, P0, 76 %, 41 %, 81559 MiB, 56271 MiB, 24809 MiB, 49, 54, 340.98 W, 700.00 W, 700.00 W, 1980 MHz, 2619 MHz, [N/A]
2025/11/27 04:10:43.911, 2, NVIDIA H100 80GB HBM3, P0, 86 %, 7 %, 81559 MiB, 55871 MiB, 25209 MiB, 49, 54, 325.14 W, 700.00 W, 700.00 W, 1980 MHz, 2619 MHz, [N/A]
2025/11/27 04:10:43.912, 3, NVIDIA H100 80GB HBM3, P0, 45 %, 26 %, 81559 MiB, 55819 MiB, 25261 MiB, 45, 52, 324.93 W, 700.00 W, 700.00 W, 1980 MHz, 2619 MHz, [N/A]
2025/11/27 04:10:43.913, 4, NVIDIA H100 80GB HBM3, P0, 74 %, 6 %, 81559 MiB, 56121 MiB, 24959 MiB, 43, 49, 313.74 W, 700.00 W, 700.00 W, 1980 MHz, 2619 MHz, [N/A]
2025/11/27 04:10:43.913, 5, NVIDIA H100 80GB HBM3, P0, 80 %, 27 %, 81559 MiB, 55551 MiB, 25529 MiB, 47, 53, 323.02 W, 700.00 W, 700.00 W, 1980 MHz, 2619 MHz, [N/A]
2025/11/27 04:10:43.915, 6, NVIDIA H100 80GB HBM3, P0, 90 %, 33 %, 81559 MiB, 55519 MiB, 25561 MiB, 47, 53, 346.35 W, 700.00 W, 700.00 W, 1980 MHz, 2619 MHz, [N/A]
2025/11/27 04:10:43.915, 7, NVIDIA H100 80GB HBM3, P0, 90 %, 38 %, 81559 MiB, 54951 MiB, 26129 MiB, 44, 51, 326.69 W, 700.00 W, 700.00 W, 1980 MHz, 2619 MHz, [N/A]
2025/11/27 04:10:48.917, 0, NVIDIA H100 80GB HBM3, P0, 17 %, 6 %, 81559 MiB, 56949 MiB, 24131 MiB, 44, 51, 280.88 W, 700.00 W, 700.00 W, 1980 MHz, 2619 MHz, [N/A]
2025/11/27 04:10:48.918, 1, NVIDIA H100 80GB HBM3, P0, 89 %, 24 %, 81559 MiB, 56271 MiB, 24809 MiB, 49, 54, 307.85 W, 700.00 W, 700.00 W, 1980 MHz, 2619 MHz, [N/A]
2025/11/27 04:10:48.919, 2, NVIDIA H100 80GB HBM3, P0, 56 %, 6 %, 81559 MiB, 55871 MiB, 25209 MiB, 49, 56, 291.62 W, 700.00 W, 700.00 W, 1980 MHz, 2619 MHz, [N/A]
2025/11/27 04:10:48.920, 3, NVIDIA H100 80GB HBM3, P0, 81 %, 9 %, 81559 MiB, 55819 MiB, 25261 MiB, 45, 53, 305.51 W, 700.00 W, 700.00 W, 1980 MHz, 2619 MHz, [N/A]
2025/11/27 04:10:48.921, 4, NVIDIA H100 80GB HBM3, P0, 98 %, 6 %, 81559 MiB, 56117 MiB, 24963 MiB, 42, 49, 286.85 W, 700.00 W, 700.00 W, 1980 MHz, 2619 MHz, [N/A]
2025/11/27 04:10:48.922, 5, NVIDIA H100 80GB HBM3, P0, 92 %, 10 %, 81559 MiB, 55549 MiB, 25531 MiB, 48, 53, 329.18 W, 700.00 W, 700.00 W, 1980 MHz, 2619 MHz, [N/A]
2025/11/27 04:10:48.923, 6, NVIDIA H100 80GB HBM3, P0, 90 %, 6 %, 81559 MiB, 55519 MiB, 25561 MiB, 47, 53, 285.87 W, 700.00 W, 700.00 W, 1980 MHz, 2619 MHz, [N/A]
2025/11/27 04:10:48.924, 7, NVIDIA H100 80GB HBM3, P0, 89 %, 10 %, 81559 MiB, 54951 MiB, 26129 MiB, 44, 53, 286.75 W, 700.00 W, 700.00 W, 1980 MHz, 2619 MHz, [N/A]
2025/11/27 04:10:53.925, 0, NVIDIA H100 80GB HBM3, P0, 32 %, 18 %, 81559 MiB, 56949 MiB, 24131 MiB, 45, 55, 330.28 W, 700.00 W, 700.00 W, 1980 MHz, 2619 MHz, [N/A]
2025/11/27 04:10:53.926, 1, NVIDIA H100 80GB HBM3, P0, 100 %, 18 %, 81559 MiB, 56271 MiB, 24809 MiB, 52, 57, 338.10 W, 700.00 W, 700.00 W, 1980 MHz, 2619 MHz, [N/A]
2025/11/27 04:10:53.927, 2, NVIDIA H100 80GB HBM3, P0, 100 %, 29 %, 81559 MiB, 55871 MiB, 25209 MiB, 51, 57, 328.61 W, 700.00 W, 700.00 W, 1980 MHz, 2619 MHz, [N/A]
2025/11/27 04:10:53.928, 3, NVIDIA H100 80GB HBM3, P0, 100 %, 25 %, 81559 MiB, 55819 MiB, 25261 MiB, 44, 54, 331.98 W, 700.00 W, 700.00 W, 1980 MHz, 2619 MHz, [N/A]
2025/11/27 04:10:53.930, 4, NVIDIA H100 80GB HBM3, P0, 100 %, 23 %, 81559 MiB, 56117 MiB, 24963 MiB, 43, 51, 321.03 W, 700.00 W, 700.00 W, 1980 MHz, 2619 MHz, [N/A]
2025/11/27 04:10:53.930, 5, NVIDIA H100 80GB HBM3, P0, 100 %, 21 %, 81559 MiB, 55547 MiB, 25533 MiB, 48, 54, 324.85 W, 700.00 W, 700.00 W, 1980 MHz, 2619 MHz, [N/A]
2025/11/27 04:10:53.931, 6, NVIDIA H100 80GB HBM3, P0, 100 %, 26 %, 81559 MiB, 55517 MiB, 25563 MiB, 47, 53, 328.81 W, 700.00 W, 700.00 W, 1980 MHz, 2619 MHz, [N/A]
2025/11/27 04:10:53.932, 7, NVIDIA H100 80GB HBM3, P0, 94 %, 29 %, 81559 MiB, 54951 MiB, 26129 MiB, 45, 51, 316.65 W, 700.00 W, 700.00 W, 1980 MHz, 2619 MHz, [N/A]
2025/11/27 04:10:58.934, 0, NVIDIA H100 80GB HBM3, P0, 92 %, 51 %, 81559 MiB, 56949 MiB, 24131 MiB, 45, 53, 313.31 W, 700.00 W, 700.00 W, 1980 MHz, 2619 MHz, [N/A]
2025/11/27 04:10:58.935, 1, NVIDIA H100 80GB HBM3, P0, 100 %, 24 %, 81559 MiB, 56269 MiB, 24811 MiB, 50, 55, 324.93 W, 700.00 W, 700.00 W, 1980 MHz, 2619 MHz, [N/A]
2025/11/27 04:10:58.936, 2, NVIDIA H100 80GB HBM3, P0, 89 %, 43 %, 81559 MiB, 55869 MiB, 25211 MiB, 50, 56, 367.30 W, 700.00 W, 700.00 W, 1980 MHz, 2619 MHz, [N/A]
2025/11/27 04:10:58.937, 3, NVIDIA H100 80GB HBM3, P0, 99 %, 42 %, 81559 MiB, 55819 MiB, 25261 MiB, 43, 51, 316.63 W, 700.00 W, 700.00 W, 1980 MHz, 2619 MHz, [N/A]
2025/11/27 04:10:58.937, 4, NVIDIA H100 80GB HBM3, P0, 81 %, 47 %, 81559 MiB, 56117 MiB, 24963 MiB, 43, 50, 300.84 W, 700.00 W, 700.00 W, 1980 MHz, 2619 MHz, [N/A]
2025/11/27 04:10:58.938, 5, NVIDIA H100 80GB HBM3, P0, 77 %, 48 %, 81559 MiB, 55545 MiB, 25535 MiB, 48, 54, 318.94 W, 700.00 W, 700.00 W, 1980 MHz, 2619 MHz, [N/A]
2025/11/27 04:10:58.939, 6, NVIDIA H100 80GB HBM3, P0, 100 %, 44 %, 81559 MiB, 55517 MiB, 25563 MiB, 48, 56, 311.52 W, 700.00 W, 700.00 W, 1980 MHz, 2619 MHz, [N/A]
2025/11/27 04:10:58.939, 7, NVIDIA H100 80GB HBM3, P0, 94 %, 35 %, 81559 MiB, 54951 MiB, 26129 MiB, 45, 51, 288.10 W, 700.00 W, 700.00 W, 1980 MHz, 2619 MHz, [N/A]
2025/11/27 04:11:03.941, 0, NVIDIA H100 80GB HBM3, P0, 86 %, 40 %, 81559 MiB, 56949 MiB, 24131 MiB, 47, 56, 380.58 W, 700.00 W, 700.00 W, 1980 MHz, 2619 MHz, [N/A]
2025/11/27 04:11:03.942, 1, NVIDIA H100 80GB HBM3, P0, 97 %, 47 %, 81559 MiB, 56269 MiB, 24811 MiB, 51, 59, 364.72 W, 700.00 W, 700.00 W, 1980 MHz, 2619 MHz, [N/A]
2025/11/27 04:11:03.943, 2, NVIDIA H100 80GB HBM3, P0, 83 %, 35 %, 81559 MiB, 55869 MiB, 25211 MiB, 53, 60, 387.95 W, 700.00 W, 700.00 W, 1980 MHz, 2619 MHz, [N/A]
2025/11/27 04:11:03.943, 3, NVIDIA H100 80GB HBM3, P0, 89 %, 47 %, 81559 MiB, 55819 MiB, 25261 MiB, 45, 56, 368.04 W, 700.00 W, 700.00 W, 1980 MHz, 2619 MHz, [N/A]
2025/11/27 04:11:03.944, 4, NVIDIA H100 80GB HBM3, P0, 67 %, 35 %, 81559 MiB, 56117 MiB, 24963 MiB, 44, 51, 364.83 W, 700.00 W, 700.00 W, 1980 MHz, 2619 MHz, [N/A]
2025/11/27 04:11:03.945, 5, NVIDIA H100 80GB HBM3, P0, 87 %, 47 %, 81559 MiB, 55545 MiB, 25535 MiB, 50, 59, 370.11 W, 700.00 W, 700.00 W, 1980 MHz, 2619 MHz, [N/A]
2025/11/27 04:11:03.946, 6, NVIDIA H100 80GB HBM3, P0, 93 %, 54 %, 81559 MiB, 55515 MiB, 25565 MiB, 49, 55, 377.11 W, 700.00 W, 700.00 W, 1980 MHz, 2619 MHz, [N/A]
2025/11/27 04:11:03.946, 7, NVIDIA H100 80GB HBM3, P0, 100 %, 51 %, 81559 MiB, 54951 MiB, 26129 MiB, 46, 57, 376.27 W, 700.00 W, 700.00 W, 1980 MHz, 2619 MHz, [N/A]
2025/11/27 04:11:08.948, 0, NVIDIA H100 80GB HBM3, P0, 94 %, 48 %, 81559 MiB, 56949 MiB, 24131 MiB, 46, 53, 312.59 W, 700.00 W, 700.00 W, 1980 MHz, 2619 MHz, [N/A]
2025/11/27 04:11:08.949, 1, NVIDIA H100 80GB HBM3, P0, 94 %, 36 %, 81559 MiB, 56269 MiB, 24811 MiB, 51, 56, 313.84 W, 700.00 W, 700.00 W, 1980 MHz, 2619 MHz, [N/A]
2025/11/27 04:11:08.950, 2, NVIDIA H100 80GB HBM3, P0, 89 %, 42 %, 81559 MiB, 55867 MiB, 25213 MiB, 50, 57, 314.06 W, 700.00 W, 700.00 W, 1980 MHz, 2619 MHz, [N/A]
2025/11/27 04:11:08.951, 3, NVIDIA H100 80GB HBM3, P0, 92 %, 47 %, 81559 MiB, 55819 MiB, 25261 MiB, 43, 51, 310.14 W, 700.00 W, 700.00 W, 1980 MHz, 2619 MHz, [N/A]
2025/11/27 04:11:08.951, 4, NVIDIA H100 80GB HBM3, P0, 85 %, 44 %, 81559 MiB, 56117 MiB, 24963 MiB, 43, 49, 297.09 W, 700.00 W, 700.00 W, 1980 MHz, 2619 MHz, [N/A]
2025/11/27 04:11:08.952, 5, NVIDIA H100 80GB HBM3, P0, 93 %, 49 %, 81559 MiB, 55545 MiB, 25535 MiB, 49, 55, 342.81 W, 700.00 W, 700.00 W, 1980 MHz, 2619 MHz, [N/A]
2025/11/27 04:11:08.953, 6, NVIDIA H100 80GB HBM3, P0, 96 %, 54 %, 81559 MiB, 55515 MiB, 25565 MiB, 49, 57, 331.16 W, 700.00 W, 700.00 W, 1980 MHz, 2619 MHz, [N/A]
2025/11/27 04:11:08.954, 7, NVIDIA H100 80GB HBM3, P0, 96 %, 38 %, 81559 MiB, 54949 MiB, 26131 MiB, 44, 52, 305.92 W, 700.00 W, 700.00 W, 1980 MHz, 2619 MHz, [N/A]
2025/11/27 04:11:13.956, 0, NVIDIA H100 80GB HBM3, P0, 80 %, 43 %, 81559 MiB, 56947 MiB, 24133 MiB, 47, 54, 339.82 W, 700.00 W, 700.00 W, 1980 MHz, 2619 MHz, [N/A]
2025/11/27 04:11:13.957, 1, NVIDIA H100 80GB HBM3, P0, 99 %, 50 %, 81559 MiB, 56267 MiB, 24813 MiB, 52, 59, 364.94 W, 700.00 W, 700.00 W, 1980 MHz, 2619 MHz, [N/A]
2025/11/27 04:11:13.958, 2, NVIDIA H100 80GB HBM3, P0, 89 %, 36 %, 81559 MiB, 55867 MiB, 25213 MiB, 52, 58, 359.39 W, 700.00 W, 700.00 W, 1980 MHz, 2619 MHz, [N/A]
2025/11/27 04:11:13.959, 3, NVIDIA H100 80GB HBM3, P0, 96 %, 51 %, 81559 MiB, 55819 MiB, 25261 MiB, 47, 55, 360.20 W, 700.00 W, 700.00 W, 1980 MHz, 2619 MHz, [N/A]
2025/11/27 04:11:13.960, 4, NVIDIA H100 80GB HBM3, P0, 75 %, 39 %, 81559 MiB, 56117 MiB, 24963 MiB, 44, 53, 351.50 W, 700.00 W, 700.00 W, 1980 MHz, 2619 MHz, [N/A]
2025/11/27 04:11:13.960, 5, NVIDIA H100 80GB HBM3, P0, 99 %, 52 %, 81559 MiB, 55545 MiB, 25535 MiB, 50, 57, 346.80 W, 700.00 W, 700.00 W, 1980 MHz, 2619 MHz, [N/A]
2025/11/27 04:11:13.961, 6, NVIDIA H100 80GB HBM3, P0, 98 %, 57 %, 81559 MiB, 55515 MiB, 25565 MiB, 51, 57, 356.76 W, 700.00 W, 700.00 W, 1980 MHz, 2619 MHz, [N/A]
2025/11/27 04:11:13.962, 7, NVIDIA H100 80GB HBM3, P0, 97 %, 49 %, 81559 MiB, 54949 MiB, 26131 MiB, 49, 55, 360.47 W, 700.00 W, 700.00 W, 1980 MHz, 2619 MHz, [N/A]
2025/11/27 04:11:18.964, 0, NVIDIA H100 80GB HBM3, P0, 75 %, 33 %, 81559 MiB, 56947 MiB, 24133 MiB, 46, 55, 318.47 W, 700.00 W, 700.00 W, 1980 MHz, 2619 MHz, [N/A]
2025/11/27 04:11:18.965, 1, NVIDIA H100 80GB HBM3, P0, 95 %, 51 %, 81559 MiB, 56267 MiB, 24813 MiB, 51, 60, 358.00 W, 700.00 W, 700.00 W, 1980 MHz, 2619 MHz, [N/A]
2025/11/27 04:11:18.966, 2, NVIDIA H100 80GB HBM3, P0, 89 %, 37 %, 81559 MiB, 55867 MiB, 25213 MiB, 53, 61, 372.50 W, 700.00 W, 700.00 W, 1980 MHz, 2619 MHz, [N/A]
2025/11/27 04:11:18.966, 3, NVIDIA H100 80GB HBM3, P0, 78 %, 43 %, 81559 MiB, 55817 MiB, 25263 MiB, 45, 55, 353.78 W, 700.00 W, 700.00 W, 1980 MHz, 2619 MHz, [N/A]
2025/11/27 04:11:18.967, 4, NVIDIA H100 80GB HBM3, P0, 70 %, 33 %, 81559 MiB, 56115 MiB, 24965 MiB, 44, 54, 327.14 W, 700.00 W, 700.00 W, 1980 MHz, 2619 MHz, [N/A]
2025/11/27 04:11:18.968, 5, NVIDIA H100 80GB HBM3, P0, 84 %, 42 %, 81559 MiB, 55545 MiB, 25535 MiB, 51, 56, 343.14 W, 700.00 W, 700.00 W, 1980 MHz, 2619 MHz, [N/A]
2025/11/27 04:11:18.969, 6, NVIDIA H100 80GB HBM3, P0, 88 %, 43 %, 81559 MiB, 55515 MiB, 25565 MiB, 50, 57, 347.36 W, 700.00 W, 700.00 W, 1980 MHz, 2619 MHz, [N/A]
2025/11/27 04:11:18.970, 7, NVIDIA H100 80GB HBM3, P0, 89 %, 49 %, 81559 MiB, 54949 MiB, 26131 MiB, 46, 55, 332.72 W, 700.00 W, 700.00 W, 1980 MHz, 2619 MHz, [N/A]
2025/11/27 04:11:23.971, 0, NVIDIA H100 80GB HBM3, P0, 68 %, 26 %, 81559 MiB, 56947 MiB, 24133 MiB, 46, 55, 299.57 W, 700.00 W, 700.00 W, 1980 MHz, 2619 MHz, [N/A]
2025/11/27 04:11:23.972, 1, NVIDIA H100 80GB HBM3, P0, 93 %, 48 %, 81559 MiB, 56265 MiB, 24815 MiB, 49, 54, 303.46 W, 700.00 W, 700.00 W, 1980 MHz, 2619 MHz, [N/A]
2025/11/27 04:11:23.973, 2, NVIDIA H100 80GB HBM3, P0, 87 %, 6 %, 81559 MiB, 55865 MiB, 25215 MiB, 50, 56, 297.96 W, 700.00 W, 700.00 W, 1980 MHz, 2619 MHz, [N/A]
2025/11/27 04:11:23.974, 3, NVIDIA H100 80GB HBM3, P0, 75 %, 38 %, 81559 MiB, 55817 MiB, 25263 MiB, 44, 53, 302.93 W, 700.00 W, 700.00 W, 1980 MHz, 2619 MHz, [N/A]
2025/11/27 04:11:23.975, 4, NVIDIA H100 80GB HBM3, P0, 21 %, 8 %, 81559 MiB, 56115 MiB, 24965 MiB, 42, 49, 316.39 W, 700.00 W, 700.00 W, 1980 MHz, 2619 MHz, [N/A]
2025/11/27 04:11:23.975, 5, NVIDIA H100 80GB HBM3, P0, 85 %, 39 %, 81559 MiB, 55545 MiB, 25535 MiB, 50, 57, 337.00 W, 700.00 W, 700.00 W, 1980 MHz, 2619 MHz, [N/A]
2025/11/27 04:11:23.976, 6, NVIDIA H100 80GB HBM3, P0, 90 %, 38 %, 81559 MiB, 55515 MiB, 25565 MiB, 49, 55, 318.48 W, 700.00 W, 700.00 W, 1980 MHz, 2619 MHz, [N/A]
2025/11/27 04:11:23.977, 7, NVIDIA H100 80GB HBM3, P0, 89 %, 43 %, 81559 MiB, 54949 MiB, 26131 MiB, 45, 52, 303.15 W, 700.00 W, 700.00 W, 1980 MHz, 2619 MHz, [N/A]
2025/11/27 04:11:28.978, 0, NVIDIA H100 80GB HBM3, P0, 65 %, 30 %, 81559 MiB, 56947 MiB, 24133 MiB, 46, 57, 323.70 W, 700.00 W, 700.00 W, 1980 MHz, 2619 MHz, [N/A]
2025/11/27 04:11:28.979, 1, NVIDIA H100 80GB HBM3, P0, 89 %, 46 %, 81559 MiB, 56265 MiB, 24815 MiB, 51, 59, 363.30 W, 700.00 W, 700.00 W, 1980 MHz, 2619 MHz, [N/A]
2025/11/27 04:11:28.980, 2, NVIDIA H100 80GB HBM3, P0, 93 %, 43 %, 81559 MiB, 55863 MiB, 25217 MiB, 52, 60, 352.04 W, 700.00 W, 700.00 W, 1980 MHz, 2619 MHz, [N/A]
2025/11/27 04:11:28.981, 3, NVIDIA H100 80GB HBM3, P0, 68 %, 33 %, 81559 MiB, 55817 MiB, 25263 MiB, 45, 55, 326.77 W, 700.00 W, 700.00 W, 1980 MHz, 2619 MHz, [N/A]
2025/11/27 04:11:28.982, 4, NVIDIA H100 80GB HBM3, P0, 77 %, 35 %, 81559 MiB, 56115 MiB, 24965 MiB, 45, 55, 339.99 W, 700.00 W, 700.00 W, 1980 MHz, 2619 MHz, [N/A]
2025/11/27 04:11:28.983, 5, NVIDIA H100 80GB HBM3, P0, 75 %, 34 %, 81559 MiB, 55543 MiB, 25537 MiB, 50, 55, 348.95 W, 700.00 W, 700.00 W, 1980 MHz, 2619 MHz, [N/A]
2025/11/27 04:11:28.984, 6, NVIDIA H100 80GB HBM3, P0, 81 %, 33 %, 81559 MiB, 55515 MiB, 25565 MiB, 50, 55, 347.99 W, 700.00 W, 700.00 W, 1980 MHz, 2619 MHz, [N/A]
2025/11/27 04:11:28.985, 7, NVIDIA H100 80GB HBM3, P0, 89 %, 36 %, 81559 MiB, 54947 MiB, 26133 MiB, 47, 53, 339.95 W, 700.00 W, 700.00 W, 1980 MHz, 2619 MHz, [N/A]
2025/11/27 04:11:33.987, 0, NVIDIA H100 80GB HBM3, P0, 70 %, 8 %, 81559 MiB, 56947 MiB, 24133 MiB, 45, 53, 332.92 W, 700.00 W, 700.00 W, 1980 MHz, 2619 MHz, [N/A]
2025/11/27 04:11:33.988, 1, NVIDIA H100 80GB HBM3, P0, 92 %, 44 %, 81559 MiB, 56265 MiB, 24815 MiB, 49, 54, 339.25 W, 700.00 W, 700.00 W, 1980 MHz, 2619 MHz, [N/A]
2025/11/27 04:11:33.989, 2, NVIDIA H100 80GB HBM3, P0, 93 %, 8 %, 81559 MiB, 55863 MiB, 25217 MiB, 52, 60, 349.41 W, 700.00 W, 700.00 W, 1980 MHz, 2619 MHz, [N/A]
2025/11/27 04:11:33.989, 3, NVIDIA H100 80GB HBM3, P0, 36 %, 21 %, 81559 MiB, 55817 MiB, 25263 MiB, 44, 53, 318.87 W, 700.00 W, 700.00 W, 1980 MHz, 2619 MHz, [N/A]
2025/11/27 04:11:33.990, 4, NVIDIA H100 80GB HBM3, P0, 77 %, 9 %, 81559 MiB, 56113 MiB, 24967 MiB, 42, 49, 330.16 W, 700.00 W, 700.00 W, 1980 MHz, 2619 MHz, [N/A]
2025/11/27 04:11:33.990, 5, NVIDIA H100 80GB HBM3, P0, 81 %, 22 %, 81559 MiB, 55543 MiB, 25537 MiB, 50, 56, 362.42 W, 700.00 W, 700.00 W, 1980 MHz, 2619 MHz, [N/A]
2025/11/27 04:11:33.991, 6, NVIDIA H100 80GB HBM3, P0, 92 %, 28 %, 81559 MiB, 55515 MiB, 25565 MiB, 48, 55, 342.89 W, 700.00 W, 700.00 W, 1980 MHz, 2619 MHz, [N/A]
2025/11/27 04:11:33.992, 7, NVIDIA H100 80GB HBM3, P0, 92 %, 34 %, 81559 MiB, 54947 MiB, 26133 MiB, 44, 52, 343.35 W, 700.00 W, 700.00 W, 1980 MHz, 2619 MHz, [N/A]
2025/11/27 04:11:38.993, 0, NVIDIA H100 80GB HBM3, P0, 80 %, 35 %, 81559 MiB, 56947 MiB, 24133 MiB, 47, 56, 346.75 W, 700.00 W, 700.00 W, 1980 MHz, 2619 MHz, [N/A]
2025/11/27 04:11:38.994, 1, NVIDIA H100 80GB HBM3, P0, 91 %, 52 %, 81559 MiB, 56265 MiB, 24815 MiB, 51, 60, 367.85 W, 700.00 W, 700.00 W, 1980 MHz, 2619 MHz, [N/A]
2025/11/27 04:11:38.996, 2, NVIDIA H100 80GB HBM3, P0, 85 %, 34 %, 81559 MiB, 55863 MiB, 25217 MiB, 53, 60, 356.19 W, 700.00 W, 700.00 W, 1980 MHz, 2619 MHz, [N/A]
2025/11/27 04:11:38.998, 3, NVIDIA H100 80GB HBM3, P0, 73 %, 38 %, 81559 MiB, 55817 MiB, 25263 MiB, 45, 56, 338.23 W, 700.00 W, 700.00 W, 1980 MHz, 2619 MHz, [N/A]
2025/11/27 04:11:38.998, 4, NVIDIA H100 80GB HBM3, P0, 75 %, 37 %, 81559 MiB, 56113 MiB, 24967 MiB, 45, 53, 357.90 W, 700.00 W, 700.00 W, 1980 MHz, 2619 MHz, [N/A]
2025/11/27 04:11:38.999, 5, NVIDIA H100 80GB HBM3, P0, 71 %, 34 %, 81559 MiB, 55541 MiB, 25539 MiB, 51, 57, 363.76 W, 700.00 W, 700.00 W, 1980 MHz, 2619 MHz, [N/A]
2025/11/27 04:11:39.000, 6, NVIDIA H100 80GB HBM3, P0, 89 %, 39 %, 81559 MiB, 55513 MiB, 25567 MiB, 50, 56, 345.61 W, 700.00 W, 700.00 W, 1980 MHz, 2619 MHz, [N/A]
2025/11/27 04:11:39.001, 7, NVIDIA H100 80GB HBM3, P0, 89 %, 39 %, 81559 MiB, 54947 MiB, 26133 MiB, 46, 53, 342.66 W, 700.00 W, 700.00 W, 1980 MHz, 2619 MHz, [N/A]
2025/11/27 04:11:44.003, 0, NVIDIA H100 80GB HBM3, P0, 85 %, 46 %, 81559 MiB, 56947 MiB, 24133 MiB, 45, 53, 355.32 W, 700.00 W, 700.00 W, 1980 MHz, 2619 MHz, [N/A]
2025/11/27 04:11:44.005, 1, NVIDIA H100 80GB HBM3, P0, 98 %, 6 %, 81559 MiB, 56263 MiB, 24817 MiB, 50, 58, 333.35 W, 700.00 W, 700.00 W, 1980 MHz, 2619 MHz, [N/A]
2025/11/27 04:11:44.006, 2, NVIDIA H100 80GB HBM3, P0, 87 %, 38 %, 81559 MiB, 55863 MiB, 25217 MiB, 50, 58, 339.09 W, 700.00 W, 700.00 W, 1980 MHz, 2619 MHz, [N/A]
2025/11/27 04:11:44.007, 3, NVIDIA H100 80GB HBM3, P0, 95 %, 51 %, 81559 MiB, 55815 MiB, 25265 MiB, 44, 53, 347.05 W, 700.00 W, 700.00 W, 1980 MHz, 2619 MHz, [N/A]
2025/11/27 04:11:44.007, 4, NVIDIA H100 80GB HBM3, P0, 76 %, 43 %, 81559 MiB, 56111 MiB, 24969 MiB, 42, 49, 353.26 W, 700.00 W, 700.00 W, 1980 MHz, 2619 MHz, [N/A]
2025/11/27 04:11:44.009, 5, NVIDIA H100 80GB HBM3, P0, 99 %, 54 %, 81559 MiB, 55541 MiB, 25539 MiB, 49, 53, 351.64 W, 700.00 W, 700.00 W, 1980 MHz, 2619 MHz, [N/A]
2025/11/27 04:11:44.011, 6, NVIDIA H100 80GB HBM3, P0, 98 %, 50 %, 81559 MiB, 55513 MiB, 25567 MiB, 48, 53, 345.34 W, 700.00 W, 700.00 W, 1980 MHz, 2619 MHz, [N/A]
2025/11/27 04:11:44.011, 7, NVIDIA H100 80GB HBM3, P0, 95 %, 43 %, 81559 MiB, 54945 MiB, 26135 MiB, 45, 51, 320.33 W, 700.00 W, 700.00 W, 1980 MHz, 2619 MHz, [N/A]
2025/11/27 04:11:49.013, 0, NVIDIA H100 80GB HBM3, P0, 82 %, 49 %, 81559 MiB, 56945 MiB, 24135 MiB, 44, 53, 329.91 W, 700.00 W, 700.00 W, 1980 MHz, 2619 MHz, [N/A]
2025/11/27 04:11:49.014, 1, NVIDIA H100 80GB HBM3, P0, 98 %, 7 %, 81559 MiB, 56263 MiB, 24817 MiB, 50, 56, 333.16 W, 700.00 W, 700.00 W, 1980 MHz, 2619 MHz, [N/A]
2025/11/27 04:11:49.015, 2, NVIDIA H100 80GB HBM3, P0, 90 %, 43 %, 81559 MiB, 55861 MiB, 25219 MiB, 52, 58, 346.08 W, 700.00 W, 700.00 W, 1980 MHz, 2619 MHz, [N/A]
2025/11/27 04:11:49.016, 3, NVIDIA H100 80GB HBM3, P0, 91 %, 54 %, 81559 MiB, 55815 MiB, 25265 MiB, 45, 53, 347.85 W, 700.00 W, 700.00 W, 1980 MHz, 2619 MHz, [N/A]
2025/11/27 04:11:49.017, 4, NVIDIA H100 80GB HBM3, P0, 75 %, 43 %, 81559 MiB, 56111 MiB, 24969 MiB, 44, 53, 335.87 W, 700.00 W, 700.00 W, 1980 MHz, 2619 MHz, [N/A]
2025/11/27 04:11:49.018, 5, NVIDIA H100 80GB HBM3, P0, 90 %, 50 %, 81559 MiB, 55539 MiB, 25541 MiB, 49, 54, 340.57 W, 700.00 W, 700.00 W, 1980 MHz, 2619 MHz, [N/A]
2025/11/27 04:11:49.020, 6, NVIDIA H100 80GB HBM3, P0, 96 %, 48 %, 81559 MiB, 55511 MiB, 25569 MiB, 49, 55, 328.20 W, 700.00 W, 700.00 W, 1980 MHz, 2619 MHz, [N/A]
2025/11/27 04:11:49.021, 7, NVIDIA H100 80GB HBM3, P0, 94 %, 38 %, 81559 MiB, 54945 MiB, 26135 MiB, 45, 53, 360.19 W, 700.00 W, 700.00 W, 1980 MHz, 2619 MHz, [N/A]
2025/11/27 04:11:54.023, 0, NVIDIA H100 80GB HBM3, P0, 91 %, 39 %, 81559 MiB, 56945 MiB, 24135 MiB, 48, 57, 330.01 W, 700.00 W, 700.00 W, 1980 MHz, 2619 MHz, [N/A]
2025/11/27 04:11:54.024, 1, NVIDIA H100 80GB HBM3, P0, 88 %, 30 %, 81559 MiB, 56263 MiB, 24817 MiB, 51, 61, 354.92 W, 700.00 W, 700.00 W, 1980 MHz, 2619 MHz, [N/A]
2025/11/27 04:11:54.025, 2, NVIDIA H100 80GB HBM3, P0, 99 %, 48 %, 81559 MiB, 55861 MiB, 25219 MiB, 52, 60, 341.76 W, 700.00 W, 700.00 W, 1980 MHz, 2619 MHz, [N/A]
2025/11/27 04:11:54.026, 3, NVIDIA H100 80GB HBM3, P0, 72 %, 26 %, 81559 MiB, 55813 MiB, 25267 MiB, 45, 55, 332.85 W, 700.00 W, 700.00 W, 1980 MHz, 2619 MHz, [N/A]
2025/11/27 04:11:54.026, 4, NVIDIA H100 80GB HBM3, P0, 99 %, 59 %, 81559 MiB, 56111 MiB, 24969 MiB, 46, 54, 339.74 W, 700.00 W, 700.00 W, 1980 MHz, 2619 MHz, [N/A]
2025/11/27 04:11:54.027, 5, NVIDIA H100 80GB HBM3, P0, 83 %, 28 %, 81559 MiB, 55539 MiB, 25541 MiB, 50, 57, 339.40 W, 700.00 W, 700.00 W, 1980 MHz, 2619 MHz, [N/A]
2025/11/27 04:11:54.028, 6, NVIDIA H100 80GB HBM3, P0, 90 %, 31 %, 81559 MiB, 55509 MiB, 25571 MiB, 49, 55, 328.21 W, 700.00 W, 700.00 W, 1980 MHz, 2619 MHz, [N/A]
2025/11/27 04:11:54.028, 7, NVIDIA H100 80GB HBM3, P0, 83 %, 24 %, 81559 MiB, 54945 MiB, 26135 MiB, 45, 53, 308.21 W, 700.00 W, 700.00 W, 1980 MHz, 2619 MHz, [N/A]
2025/11/27 04:11:59.030, 0, NVIDIA H100 80GB HBM3, P0, 28 %, 15 %, 81559 MiB, 56945 MiB, 24135 MiB, 46, 53, 348.09 W, 700.00 W, 700.00 W, 1980 MHz, 2619 MHz, [N/A]
2025/11/27 04:11:59.031, 1, NVIDIA H100 80GB HBM3, P0, 89 %, 40 %, 81559 MiB, 56263 MiB, 24817 MiB, 52, 58, 349.23 W, 700.00 W, 700.00 W, 1980 MHz, 2619 MHz, [N/A]
2025/11/27 04:11:59.033, 2, NVIDIA H100 80GB HBM3, P0, 100 %, 18 %, 81559 MiB, 55861 MiB, 25219 MiB, 53, 60, 367.53 W, 700.00 W, 700.00 W, 1980 MHz, 2619 MHz, [N/A]
2025/11/27 04:11:59.034, 3, NVIDIA H100 80GB HBM3, P0, 78 %, 18 %, 81559 MiB, 55813 MiB, 25267 MiB, 44, 55, 350.16 W, 700.00 W, 700.00 W, 1980 MHz, 2619 MHz, [N/A]
2025/11/27 04:11:59.035, 4, NVIDIA H100 80GB HBM3, P0, 100 %, 19 %, 81559 MiB, 56111 MiB, 24969 MiB, 45, 51, 338.22 W, 700.00 W, 700.00 W, 1980 MHz, 2619 MHz, [N/A]
2025/11/27 04:11:59.036, 5, NVIDIA H100 80GB HBM3, P0, 84 %, 16 %, 81559 MiB, 55539 MiB, 25541 MiB, 50, 57, 346.45 W, 700.00 W, 700.00 W, 1980 MHz, 2619 MHz, [N/A]
2025/11/27 04:11:59.037, 6, NVIDIA H100 80GB HBM3, P0, 100 %, 32 %, 81559 MiB, 55509 MiB, 25571 MiB, 49, 57, 341.45 W, 700.00 W, 700.00 W, 1980 MHz, 2619 MHz, [N/A]
2025/11/27 04:11:59.038, 7, NVIDIA H100 80GB HBM3, P0, 91 %, 20 %, 81559 MiB, 54945 MiB, 26135 MiB, 46, 56, 368.71 W, 700.00 W, 700.00 W, 1980 MHz, 2619 MHz, [N/A]
2025/11/27 04:12:04.038, 0, NVIDIA H100 80GB HBM3, P0, 70 %, 31 %, 81559 MiB, 56945 MiB, 24135 MiB, 47, 58, 360.81 W, 700.00 W, 700.00 W, 1980 MHz, 2619 MHz, [N/A]
2025/11/27 04:12:04.039, 1, NVIDIA H100 80GB HBM3, P0, 98 %, 59 %, 81559 MiB, 56263 MiB, 24817 MiB, 53, 59, 392.80 W, 700.00 W, 700.00 W, 1980 MHz, 2619 MHz, [N/A]
2025/11/27 04:12:04.040, 2, NVIDIA H100 80GB HBM3, P0, 92 %, 23 %, 81559 MiB, 55861 MiB, 25219 MiB, 52, 60, 377.36 W, 700.00 W, 700.00 W, 1980 MHz, 2619 MHz, [N/A]
2025/11/27 04:12:04.041, 3, NVIDIA H100 80GB HBM3, P0, 87 %, 45 %, 81559 MiB, 55813 MiB, 25267 MiB, 45, 53, 333.26 W, 700.00 W, 700.00 W, 1980 MHz, 2619 MHz, [N/A]
2025/11/27 04:12:04.042, 4, NVIDIA H100 80GB HBM3, P0, 75 %, 28 %, 81559 MiB, 56109 MiB, 24971 MiB, 44, 54, 337.17 W, 700.00 W, 700.00 W, 1980 MHz, 2619 MHz, [N/A]
2025/11/27 04:12:04.042, 5, NVIDIA H100 80GB HBM3, P0, 85 %, 45 %, 81559 MiB, 55539 MiB, 25541 MiB, 51, 58, 356.02 W, 700.00 W, 700.00 W, 1980 MHz, 2619 MHz, [N/A]
2025/11/27 04:12:04.043, 6, NVIDIA H100 80GB HBM3, P0, 92 %, 15 %, 81559 MiB, 55509 MiB, 25571 MiB, 50, 57, 350.64 W, 700.00 W, 700.00 W, 1980 MHz, 2619 MHz, [N/A]
2025/11/27 04:12:04.043, 7, NVIDIA H100 80GB HBM3, P0, 95 %, 47 %, 81559 MiB, 54945 MiB, 26135 MiB, 48, 55, 348.11 W, 700.00 W, 700.00 W, 1980 MHz, 2619 MHz, [N/A]
2025/11/27 04:12:09.045, 0, NVIDIA H100 80GB HBM3, P0, 90 %, 55 %, 81559 MiB, 56943 MiB, 24137 MiB, 45, 53, 364.33 W, 700.00 W, 700.00 W, 1980 MHz, 2619 MHz, [N/A]
2025/11/27 04:12:09.046, 1, NVIDIA H100 80GB HBM3, P0, 99 %, 6 %, 81559 MiB, 56263 MiB, 24817 MiB, 51, 58, 379.20 W, 700.00 W, 700.00 W, 1980 MHz, 2619 MHz, [N/A]
2025/11/27 04:12:09.047, 2, NVIDIA H100 80GB HBM3, P0, 93 %, 49 %, 81559 MiB, 55861 MiB, 25219 MiB, 52, 58, 384.01 W, 700.00 W, 700.00 W, 1980 MHz, 2619 MHz, [N/A]
2025/11/27 04:12:09.047, 3, NVIDIA H100 80GB HBM3, P0, 92 %, 16 %, 81559 MiB, 55813 MiB, 25267 MiB, 46, 57, 355.78 W, 700.00 W, 700.00 W, 1980 MHz, 2619 MHz, [N/A]
2025/11/27 04:12:09.048, 4, NVIDIA H100 80GB HBM3, P0, 86 %, 49 %, 81559 MiB, 56109 MiB, 24971 MiB, 43, 50, 344.34 W, 700.00 W, 700.00 W, 1980 MHz, 2619 MHz, [N/A]
2025/11/27 04:12:09.049, 5, NVIDIA H100 80GB HBM3, P0, 89 %, 42 %, 81559 MiB, 55537 MiB, 25543 MiB, 49, 56, 341.49 W, 700.00 W, 700.00 W, 1980 MHz, 2619 MHz, [N/A]
2025/11/27 04:12:09.050, 6, NVIDIA H100 80GB HBM3, P0, 89 %, 24 %, 81559 MiB, 55509 MiB, 25571 MiB, 49, 55, 358.67 W, 700.00 W, 700.00 W, 1980 MHz, 2619 MHz, [N/A]
2025/11/27 04:12:09.050, 7, NVIDIA H100 80GB HBM3, P0, 94 %, 37 %, 81559 MiB, 54945 MiB, 26135 MiB, 45, 51, 354.75 W, 700.00 W, 700.00 W, 1980 MHz, 2619 MHz, [N/A]
2025/11/27 04:12:14.052, 0, NVIDIA H100 80GB HBM3, P0, 92 %, 46 %, 81559 MiB, 56943 MiB, 24137 MiB, 45, 53, 348.07 W, 700.00 W, 700.00 W, 1980 MHz, 2619 MHz, [N/A]
2025/11/27 04:12:14.053, 1, NVIDIA H100 80GB HBM3, P0, 46 %, 21 %, 81559 MiB, 56261 MiB, 24819 MiB, 53, 60, 381.50 W, 700.00 W, 700.00 W, 1980 MHz, 2619 MHz, [N/A]
2025/11/27 04:12:14.055, 2, NVIDIA H100 80GB HBM3, P0, 97 %, 56 %, 81559 MiB, 55861 MiB, 25219 MiB, 52, 60, 377.02 W, 700.00 W, 700.00 W, 1980 MHz, 2619 MHz, [N/A]
2025/11/27 04:12:14.056, 3, NVIDIA H100 80GB HBM3, P0, 94 %, 12 %, 81559 MiB, 55813 MiB, 25267 MiB, 45, 55, 372.30 W, 700.00 W, 700.00 W, 1980 MHz, 2619 MHz, [N/A]
2025/11/27 04:12:14.056, 4, NVIDIA H100 80GB HBM3, P0, 99 %, 54 %, 81559 MiB, 56109 MiB, 24971 MiB, 43, 49, 349.51 W, 700.00 W, 700.00 W, 1980 MHz, 2619 MHz, [N/A]
2025/11/27 04:12:14.057, 5, NVIDIA H100 80GB HBM3, P0, 85 %, 36 %, 81559 MiB, 55537 MiB, 25543 MiB, 51, 56, 399.70 W, 700.00 W, 700.00 W, 1980 MHz, 2619 MHz, [N/A]
2025/11/27 04:12:14.058, 6, NVIDIA H100 80GB HBM3, P0, 91 %, 36 %, 81559 MiB, 55509 MiB, 25571 MiB, 48, 57, 348.94 W, 700.00 W, 700.00 W, 1980 MHz, 2619 MHz, [N/A]
2025/11/27 04:12:14.059, 7, NVIDIA H100 80GB HBM3, P0, 92 %, 43 %, 81559 MiB, 54945 MiB, 26135 MiB, 46, 53, 352.72 W, 700.00 W, 700.00 W, 1980 MHz, 2619 MHz, [N/A]
2025/11/27 04:12:19.061, 0, NVIDIA H100 80GB HBM3, P0, 0 %, 0 %, 81559 MiB, 81076 MiB, 4 MiB, 41, 49, 125.90 W, 700.00 W, 700.00 W, 1980 MHz, 2619 MHz, [N/A]
2025/11/27 04:12:19.211, 1, NVIDIA H100 80GB HBM3, P0, 0 %, 0 %, 81559 MiB, 81076 MiB, 4 MiB, 46, 52, 134.96 W, 700.00 W, 700.00 W, 1980 MHz, 2619 MHz, [N/A]
2025/11/27 04:12:19.211, 2, NVIDIA H100 80GB HBM3, P0, 0 %, 0 %, 81559 MiB, 81076 MiB, 4 MiB, 47, 52, 138.31 W, 700.00 W, 700.00 W, 1980 MHz, 2619 MHz, [N/A]
2025/11/27 04:12:19.212, 3, NVIDIA H100 80GB HBM3, P0, 0 %, 0 %, 81559 MiB, 81076 MiB, 4 MiB, 40, 49, 129.36 W, 700.00 W, 700.00 W, 1980 MHz, 2619 MHz, [N/A]
2025/11/27 04:12:19.212, 4, NVIDIA H100 80GB HBM3, P0, 0 %, 0 %, 81559 MiB, 81076 MiB, 4 MiB, 39, 45, 124.33 W, 700.00 W, 700.00 W, 1980 MHz, 2619 MHz, [N/A]
2025/11/27 04:12:19.213, 5, NVIDIA H100 80GB HBM3, P0, 56 %, 9 %, 81559 MiB, 81076 MiB, 4 MiB, 46, 51, 133.26 W, 700.00 W, 700.00 W, 1980 MHz, 2619 MHz, [N/A]
2025/11/27 04:12:19.213, 6, NVIDIA H100 80GB HBM3, P0, 0 %, 0 %, 81559 MiB, 81076 MiB, 4 MiB, 45, 51, 129.59 W, 700.00 W, 700.00 W, 1980 MHz, 2619 MHz, [N/A]
2025/11/27 04:12:19.214, 7, NVIDIA H100 80GB HBM3, P0, 0 %, 0 %, 81559 MiB, 81076 MiB, 4 MiB, 41, 47, 127.53 W, 700.00 W, 700.00 W, 1980 MHz, 2619 MHz, [N/A]
2025/11/27 04:12:24.215, 0, NVIDIA H100 80GB HBM3, P0, 0 %, 0 %, 81559 MiB, 81080 MiB, 0 MiB, 38, 48, 72.03 W, 700.00 W, 700.00 W, 345 MHz, 2619 MHz, [N/A]
2025/11/27 04:12:24.216, 1, NVIDIA H100 80GB HBM3, P0, 0 %, 0 %, 81559 MiB, 81080 MiB, 0 MiB, 43, 50, 74.93 W, 700.00 W, 700.00 W, 345 MHz, 2619 MHz, [N/A]
2025/11/27 04:12:24.217, 2, NVIDIA H100 80GB HBM3, P0, 0 %, 0 %, 81559 MiB, 81080 MiB, 0 MiB, 44, 52, 78.57 W, 700.00 W, 700.00 W, 345 MHz, 2619 MHz, [N/A]
2025/11/27 04:12:24.218, 3, NVIDIA H100 80GB HBM3, P0, 0 %, 0 %, 81559 MiB, 81080 MiB, 0 MiB, 37, 47, 72.37 W, 700.00 W, 700.00 W, 345 MHz, 2619 MHz, [N/A]
2025/11/27 04:12:24.219, 4, NVIDIA H100 80GB HBM3, P0, 0 %, 0 %, 81559 MiB, 81080 MiB, 0 MiB, 36, 45, 71.26 W, 700.00 W, 700.00 W, 345 MHz, 2619 MHz, [N/A]
2025/11/27 04:12:24.220, 5, NVIDIA H100 80GB HBM3, P0, 0 %, 0 %, 81559 MiB, 81080 MiB, 0 MiB, 43, 49, 74.00 W, 700.00 W, 700.00 W, 345 MHz, 2619 MHz, [N/A]
2025/11/27 04:12:24.220, 6, NVIDIA H100 80GB HBM3, P0, 0 %, 0 %, 81559 MiB, 81080 MiB, 0 MiB, 42, 49, 71.79 W, 700.00 W, 700.00 W, 345 MHz, 2619 MHz, [N/A]
2025/11/27 04:12:24.221, 7, NVIDIA H100 80GB HBM3, P0, 0 %, 0 %, 81559 MiB, 81080 MiB, 0 MiB, 38, 47, 71.87 W, 700.00 W, 700.00 W, 345 MHz, 2619 MHz, [N/A]
2025/11/27 04:12:29.222, 0, NVIDIA H100 80GB HBM3, P0, 0 %, 0 %, 81559 MiB, 81080 MiB, 0 MiB, 37, 47, 71.69 W, 700.00 W, 700.00 W, 345 MHz, 2619 MHz, [N/A]
2025/11/27 04:12:29.224, 1, NVIDIA H100 80GB HBM3, P0, 0 %, 0 %, 81559 MiB, 81080 MiB, 0 MiB, 42, 50, 74.59 W, 700.00 W, 700.00 W, 345 MHz, 2619 MHz, [N/A]
2025/11/27 04:12:29.225, 2, NVIDIA H100 80GB HBM3, P0, 0 %, 0 %, 81559 MiB, 81080 MiB, 0 MiB, 43, 50, 77.99 W, 700.00 W, 700.00 W, 345 MHz, 2619 MHz, [N/A]
2025/11/27 04:12:29.225, 3, NVIDIA H100 80GB HBM3, P0, 0 %, 0 %, 81559 MiB, 81080 MiB, 0 MiB, 36, 45, 72.11 W, 700.00 W, 700.00 W, 345 MHz, 2619 MHz, [N/A]
2025/11/27 04:12:29.226, 4, NVIDIA H100 80GB HBM3, P0, 0 %, 0 %, 81559 MiB, 81080 MiB, 0 MiB, 36, 43, 71.03 W, 700.00 W, 700.00 W, 345 MHz, 2619 MHz, [N/A]
2025/11/27 04:12:29.227, 5, NVIDIA H100 80GB HBM3, P0, 0 %, 0 %, 81559 MiB, 81080 MiB, 0 MiB, 42, 48, 73.61 W, 700.00 W, 700.00 W, 345 MHz, 2619 MHz, [N/A]
2025/11/27 04:12:29.228, 6, NVIDIA H100 80GB HBM3, P0, 0 %, 0 %, 81559 MiB, 81080 MiB, 0 MiB, 41, 47, 71.45 W, 700.00 W, 700.00 W, 345 MHz, 2619 MHz, [N/A]
2025/11/27 04:12:29.229, 7, NVIDIA H100 80GB HBM3, P0, 0 %, 0 %, 81559 MiB, 81080 MiB, 0 MiB, 37, 45, 71.67 W, 700.00 W, 700.00 W, 345 MHz, 2619 MHz, [N/A]
2025/11/27 04:12:34.230, 0, NVIDIA H100 80GB HBM3, P0, 0 %, 0 %, 81559 MiB, 81080 MiB, 0 MiB, 37, 46, 71.48 W, 700.00 W, 700.00 W, 345 MHz, 2619 MHz, [N/A]
2025/11/27 04:12:34.232, 1, NVIDIA H100 80GB HBM3, P0, 0 %, 0 %, 81559 MiB, 81080 MiB, 0 MiB, 42, 50, 74.35 W, 700.00 W, 700.00 W, 345 MHz, 2619 MHz, [N/A]
2025/11/27 04:12:34.233, 2, NVIDIA H100 80GB HBM3, P0, 0 %, 0 %, 81559 MiB, 81080 MiB, 0 MiB, 42, 50, 77.54 W, 700.00 W, 700.00 W, 345 MHz, 2619 MHz, [N/A]
2025/11/27 04:12:34.234, 3, NVIDIA H100 80GB HBM3, P0, 0 %, 0 %, 81559 MiB, 81080 MiB, 0 MiB, 36, 45, 71.92 W, 700.00 W, 700.00 W, 345 MHz, 2619 MHz, [N/A]
2025/11/27 04:12:34.235, 4, NVIDIA H100 80GB HBM3, P0, 0 %, 0 %, 81559 MiB, 81080 MiB, 0 MiB, 35, 43, 70.85 W, 700.00 W, 700.00 W, 345 MHz, 2619 MHz, [N/A]
2025/11/27 04:12:34.236, 5, NVIDIA H100 80GB HBM3, P0, 0 %, 0 %, 81559 MiB, 81080 MiB, 0 MiB, 41, 48, 73.35 W, 700.00 W, 700.00 W, 345 MHz, 2619 MHz, [N/A]
2025/11/27 04:12:34.236, 6, NVIDIA H100 80GB HBM3, P0, 0 %, 0 %, 81559 MiB, 81080 MiB, 0 MiB, 40, 47, 71.17 W, 700.00 W, 700.00 W, 345 MHz, 2619 MHz, [N/A]
2025/11/27 04:12:34.237, 7, NVIDIA H100 80GB HBM3, P0, 0 %, 0 %, 81559 MiB, 81080 MiB, 0 MiB, 37, 45, 71.43 W, 700.00 W, 700.00 W, 345 MHz, 2619 MHz, [N/A]
2025/11/27 04:12:39.239, 0, NVIDIA H100 80GB HBM3, P0, 0 %, 0 %, 81559 MiB, 81080 MiB, 0 MiB, 36, 45, 71.36 W, 700.00 W, 700.00 W, 345 MHz, 2619 MHz, [N/A]
2025/11/27 04:12:39.240, 1, NVIDIA H100 80GB HBM3, P0, 0 %, 0 %, 81559 MiB, 81080 MiB, 0 MiB, 41, 49, 74.16 W, 700.00 W, 700.00 W, 345 MHz, 2619 MHz, [N/A]
2025/11/27 04:12:39.242, 2, NVIDIA H100 80GB HBM3, P0, 0 %, 0 %, 81559 MiB, 81080 MiB, 0 MiB, 41, 48, 77.14 W, 700.00 W, 700.00 W, 345 MHz, 2619 MHz, [N/A]
2025/11/27 04:12:39.242, 3, NVIDIA H100 80GB HBM3, P0, 0 %, 0 %, 81559 MiB, 81080 MiB, 0 MiB, 35, 44, 71.80 W, 700.00 W, 700.00 W, 345 MHz, 2619 MHz, [N/A]
2025/11/27 04:12:39.243, 4, NVIDIA H100 80GB HBM3, P0, 0 %, 0 %, 81559 MiB, 81080 MiB, 0 MiB, 34, 41, 70.72 W, 700.00 W, 700.00 W, 345 MHz, 2619 MHz, [N/A]
2025/11/27 04:12:39.244, 5, NVIDIA H100 80GB HBM3, P0, 0 %, 0 %, 81559 MiB, 81080 MiB, 0 MiB, 40, 47, 73.36 W, 700.00 W, 700.00 W, 345 MHz, 2619 MHz, [N/A]
2025/11/27 04:12:39.245, 6, NVIDIA H100 80GB HBM3, P0, 0 %, 0 %, 81559 MiB, 81080 MiB, 0 MiB, 39, 47, 70.92 W, 700.00 W, 700.00 W, 345 MHz, 2619 MHz, [N/A]
2025/11/27 04:12:39.246, 7, NVIDIA H100 80GB HBM3, P0, 0 %, 0 %, 81559 MiB, 81080 MiB, 0 MiB, 36, 45, 71.38 W, 700.00 W, 700.00 W, 345 MHz, 2619 MHz, [N/A]
